[{"@type":"fileRecord","id":"@3","name":"fault","type":"XSD","size":6473,"attachTime":1577396861000},{"@type":"fileRecord","id":"@6","name":"response","type":"XSD","size":9060,"attachTime":1577396861000},{"@type":"fileRecord","id":"@5","name":"request","type":"XSD","size":8637,"attachTime":1577396861000},{"@type":"fileRecord","id":"@4","name":"metadata","type":"JSON","size":6606,"attachTime":1577396861000},{"@type":"fileRecord","id":"@2","name":"extension","type":"XML","size":27066,"attachTime":1577396861000}]