[{"@type":"dssTask","id":"@1","name":"Syn_TaskTest","description":"","maxLogs":10,"sourceConnectionId":"@gWgZ5LwPngOliJyLqp6kyt","targetConnectionId":"@gWgZ5LwPngOliJyLqp6kyt","targetObject":"ZZ_Sri_TGT_EMP_EXPENSES","targetObjectLabel":"ZZ_Sri_TGT_EMP_EXPENSES","operation":"Insert","maxRows":0,"truncateTarget":true,"bulkApiDBTarget":false,"verbose":false,"targetMetadataUpdated":false,"modelVersion":"V3-R600","queryAll":false,"srcSettings":{"@type":"taskDataSourceSetting","isShowLabels":false,"isNaturalOrder":true},"tgtSettings":{"@type":"taskDataSourceSetting","isShowLabels":false,"isNaturalOrder":true},"cfSettings":{"@type":"taskDataSourceSetting","isShowLabels":false,"isNaturalOrder":false},"bulkApi":false,"bulkApiSerialMode":false,"bulkApiMonitor":false,"isTargetObjectSfCustom":false,"allowNullUpdates":false,"targetBatchSize":200,"assignmentRuleId":"-1","assignmentRuleType":"None","createSuccessFile":false,"bulkApiHardDelete":false,"srcRuntimeAttrs":{"@type":"taskRuntimeAttrs","attrs":{}},"tgtRuntimeAttrs":{"@type":"taskRuntimeAttrs","attrs":{}},"parameterFileEncoding":"UTF-8","sourceObjects":[{"@type":"mObject","name":"ZZ_Sri_EMP_EXPENSES","label":"ZZ_Sri_EMP_EXPENSES","metadataUpdated":false,"relations":[],"children":[]}],"advancedFilters":[],"filters":[],"fieldMaps":[{"@type":"fieldMap","id":"12711553","targetField":{"@type":"field","id":35209345,"name":"E_NAME","type":"varchar","uniqueName":"E_NAME","label":"E_NAME","parentObject":"ZZ_Sri_TGT_EMP_EXPENSES","pcType":"STRING","precision":20,"scale":0,"columnIndex":0,"isKey":false,"isExternalId":false,"isSfIdLookup":false,"isNullable":true,"isUnique":false,"isCreateable":false,"isUpdateable":true,"isFilterable":true,"isCalculated":false,"showLabel":false,"naturalOrder":0,"linkedFields":["E_NAME"],"relatedInfos":[],"references":[]},"expression":"E_NAME"},{"@type":"fieldMap","id":"12711556","targetField":{"@type":"field","id":35209348,"name":"E_YEAR","type":"numeric","uniqueName":"E_YEAR","label":"E_YEAR","parentObject":"ZZ_Sri_TGT_EMP_EXPENSES","pcType":"HIPRECDECIMAL","precision":4,"scale":0,"columnIndex":1,"isKey":false,"isExternalId":false,"isSfIdLookup":false,"isNullable":true,"isUnique":false,"isCreateable":false,"isUpdateable":true,"isFilterable":true,"isCalculated":false,"showLabel":false,"naturalOrder":1,"linkedFields":["E_YEAR"],"relatedInfos":[],"references":[]},"expression":"E_YEAR"},{"@type":"fieldMap","id":"12711559","targetField":{"@type":"field","id":35209351,"name":"EXPENSES_TYPE","type":"varchar","uniqueName":"EXPENSES_TYPE","label":"EXPENSES_TYPE","parentObject":"ZZ_Sri_TGT_EMP_EXPENSES","pcType":"STRING","precision":20,"scale":0,"columnIndex":2,"isKey":false,"isExternalId":false,"isSfIdLookup":false,"isNullable":true,"isUnique":false,"isCreateable":false,"isUpdateable":true,"isFilterable":true,"isCalculated":false,"showLabel":false,"naturalOrder":2,"linkedFields":["HOUSE_RENT"],"relatedInfos":[],"references":[]},"expression":"HOUSE_RENT"},{"@type":"fieldMap","id":"12711562","targetField":{"@type":"field","id":35209354,"name":"EXPENDITURE","type":"numeric","uniqueName":"EXPENDITURE","label":"EXPENDITURE","parentObject":"ZZ_Sri_TGT_EMP_EXPENSES","pcType":"HIPRECDECIMAL","precision":5,"scale":0,"columnIndex":3,"isKey":false,"isExternalId":false,"isSfIdLookup":false,"isNullable":true,"isUnique":false,"isCreateable":false,"isUpdateable":true,"isFilterable":true,"isCalculated":false,"showLabel":false,"naturalOrder":3,"linkedFields":["FOOD"],"relatedInfos":[],"references":[]},"expression":"FOOD"}],"sourceFields":[{"@type":"field","id":35209357,"name":"E_NAME","type":"varchar","uniqueName":"E_NAME","label":"E_NAME","parentObject":"ZZ_Sri_EMP_EXPENSES","pcType":"STRING","precision":20,"scale":0,"columnIndex":0,"isKey":false,"isExternalId":false,"isSfIdLookup":false,"isNullable":true,"isUnique":false,"isCreateable":false,"isUpdateable":true,"isFilterable":true,"isCalculated":false,"showLabel":false,"naturalOrder":0,"linkedFields":["E_NAME"],"relatedInfos":[],"references":[]},{"@type":"field","id":35209360,"name":"E_YEAR","type":"numeric","uniqueName":"E_YEAR","label":"E_YEAR","parentObject":"ZZ_Sri_EMP_EXPENSES","pcType":"HIPRECDECIMAL","precision":4,"scale":0,"columnIndex":1,"isKey":false,"isExternalId":false,"isSfIdLookup":false,"isNullable":true,"isUnique":false,"isCreateable":false,"isUpdateable":true,"isFilterable":true,"isCalculated":false,"showLabel":false,"naturalOrder":1,"linkedFields":["E_YEAR"],"relatedInfos":[],"references":[]},{"@type":"field","id":35209363,"name":"TRANSPORT","type":"numeric","uniqueName":"TRANSPORT","label":"TRANSPORT","parentObject":"ZZ_Sri_EMP_EXPENSES","pcType":"HIPRECDECIMAL","precision":5,"scale":0,"columnIndex":2,"isKey":false,"isExternalId":false,"isSfIdLookup":false,"isNullable":true,"isUnique":false,"isCreateable":false,"isUpdateable":true,"isFilterable":true,"isCalculated":false,"showLabel":false,"naturalOrder":2,"linkedFields":[],"relatedInfos":[],"references":[]},{"@type":"field","id":35209366,"name":"HOUSE_RENT","type":"numeric","uniqueName":"HOUSE_RENT","label":"HOUSE_RENT","parentObject":"ZZ_Sri_EMP_EXPENSES","pcType":"HIPRECDECIMAL","precision":5,"scale":0,"columnIndex":3,"isKey":false,"isExternalId":false,"isSfIdLookup":false,"isNullable":true,"isUnique":false,"isCreateable":false,"isUpdateable":true,"isFilterable":true,"isCalculated":false,"showLabel":false,"naturalOrder":3,"linkedFields":["EXPENSES_TYPE"],"relatedInfos":[],"references":[]},{"@type":"field","id":35209369,"name":"FOOD","type":"numeric","uniqueName":"FOOD","label":"FOOD","parentObject":"ZZ_Sri_EMP_EXPENSES","pcType":"HIPRECDECIMAL","precision":5,"scale":0,"columnIndex":4,"isKey":false,"isExternalId":false,"isSfIdLookup":false,"isNullable":true,"isUnique":false,"isCreateable":false,"isUpdateable":true,"isFilterable":true,"isCalculated":false,"showLabel":false,"naturalOrder":4,"linkedFields":["EXPENDITURE"],"relatedInfos":[],"references":[]}],"sortFields":[],"groupFields":[]}]