[{"@type":"mappingTemplate","id":"@1","name":"m_GovDelivery_to_API","description":"","bundleVersion":"0","templateId":"@3","deployTime":1577397252000,"hasParameters":false,"valid":true,"fixedConnection":true,"hasParametersDeployed":false,"fixedConnectionDeployed":true,"tasks":0,"mappingPreviewFileRecordId":"@2","documentType":"","references":[{"@type":"reference","refObjectId":"@gWgZ5LwPngOliJyLqp6kyt","refType":"connection"},{"@type":"reference","refObjectId":"@k7EqXrN93cUghGAqc9gBQM","refType":"connection"},{"@type":"reference","refObjectId":"@3b5V5vL0mk0c8iIINV5OKw","refType":"businessService"}]}]