[{"@type":"mappingTemplate","id":"@1","name":"m_FPMTUI","description":"Use FPMT UI file and send only UI column to AFRS","bundleVersion":"0","templateId":"@3","deployTime":1602196885000,"hasParameters":false,"valid":true,"fixedConnection":true,"hasParametersDeployed":false,"fixedConnectionDeployed":true,"tasks":0,"mappingPreviewFileRecordId":"@2","documentType":"","references":[{"@type":"reference","refObjectId":"@2z62ZYTqTKXiWFCAZ97ZAS","refType":"connection"},{"@type":"reference","refObjectId":"@13H7cIs7YMQlOmCqhzglQY","refType":"connection"}]}]