[{"@type":"connection","id":"@1","name":"FPMTUI_Target","description":"FPMT UI file","runtimeEnvironmentId":"@6dKHc1uY0vOk9iOoP3L84v","instanceDisplayName":"CSVFile","dateFormat":"MM/dd/yyyy HH:mm:ss","database":"F:\\IICS_Shared\\TgtFiles\\FPMT\\UniqueIdentifiers","codepage":"UTF-8","shortDescription":"FPMT UI file","type":"CSVFile","port":0,"majorUpdateTime":"2020-06-16T20:07:20.000Z","timeout":60,"connParams":{"agentId":"010YZQ08000000000003","agentGroupId":"010YZQ25000000000003","orgId":"010YZQ"},"internal":false,"federatedId":"13H7cIs7YMQlOmCqhzglQY"}]