[{"@type":"dssTask","id":"@1","name":"Syn_Excel","description":"Write data into excel file","postProcessingCmd":"Jobs completed sucessfully","maxLogs":10,"sourceConnectionId":"@gWgZ5LwPngOliJyLqp6kyt","targetConnectionId":"@3Y5YN8xVF6rjhwwpkdvGwc","targetObject":"Sheet1","targetObjectLabel":"Emp_Test.Sheet1","operation":"Insert","maxRows":0,"truncateTarget":false,"bulkApiDBTarget":false,"verbose":false,"targetMetadataUpdated":false,"modelVersion":"V3-R600","queryAll":false,"srcSettings":{"@type":"taskDataSourceSetting","isShowLabels":false,"isNaturalOrder":false},"tgtSettings":{"@type":"taskDataSourceSetting","isShowLabels":true,"isNaturalOrder":false},"cfSettings":{"@type":"taskDataSourceSetting","isShowLabels":false,"isNaturalOrder":false},"bulkApi":false,"bulkApiSerialMode":false,"bulkApiMonitor":false,"isTargetObjectSfCustom":false,"allowNullUpdates":false,"targetBatchSize":200,"assignmentRuleId":"-1","assignmentRuleType":"None","createSuccessFile":false,"bulkApiHardDelete":false,"srcRuntimeAttrs":{"@type":"taskRuntimeAttrs","attrs":{}},"tgtRuntimeAttrs":{"@type":"taskRuntimeAttrs","attrs":{"Error File Directory":"","Success File Directory":""}},"parameterFileEncoding":"UTF-8","sourceObjects":[{"@type":"mObject","name":"ZZ_Facilities","label":"ZZ_Facilities","metadataUpdated":false,"relations":[],"children":[]}],"advancedFilters":[],"filters":[],"fieldMaps":[{"@type":"fieldMap","id":"13150267","targetField":{"@type":"field","id":36264661,"name":"PersonnelArea","type":"string","uniqueName":"PersonnelArea","label":"PersonnelArea","parentObject":"Sheet1","pcType":"NSTRING","precision":13,"scale":0,"columnIndex":-1,"isKey":false,"isExternalId":false,"isSfIdLookup":false,"isNullable":false,"isUnique":false,"isCreateable":false,"isUpdateable":true,"isFilterable":true,"isCalculated":false,"javaType":"java.lang.String","showLabel":true,"naturalOrder":0,"linkedFields":["PersonnelArea"],"relatedInfos":[],"references":[]},"expression":"PersonnelArea"},{"@type":"fieldMap","id":"13150270","targetField":{"@type":"field","id":36264664,"name":"PersonnelNumber","type":"string","uniqueName":"PersonnelNumber","label":"PersonnelNumber","parentObject":"Sheet1","pcType":"NSTRING","precision":15,"scale":0,"columnIndex":-1,"isKey":false,"isExternalId":false,"isSfIdLookup":false,"isNullable":false,"isUnique":false,"isCreateable":false,"isUpdateable":true,"isFilterable":true,"isCalculated":false,"javaType":"java.lang.String","showLabel":true,"naturalOrder":1,"linkedFields":["PersonnelNumber"],"relatedInfos":[],"references":[]},"expression":"PersonnelNumber"},{"@type":"fieldMap","id":"13150273","targetField":{"@type":"field","id":36264667,"name":"EmployeeName","type":"string","uniqueName":"EmployeeName","label":"EmployeeName","parentObject":"Sheet1","pcType":"NSTRING","precision":12,"scale":0,"columnIndex":-1,"isKey":false,"isExternalId":false,"isSfIdLookup":false,"isNullable":false,"isUnique":false,"isCreateable":false,"isUpdateable":true,"isFilterable":true,"isCalculated":false,"javaType":"java.lang.String","showLabel":true,"naturalOrder":2,"linkedFields":["EmployeeName"],"relatedInfos":[],"references":[]},"expression":"EmployeeName"},{"@type":"fieldMap","id":"13150276","targetField":{"@type":"field","id":36264670,"name":"JobTitle","type":"string","uniqueName":"JobTitle","label":"JobTitle","parentObject":"Sheet1","pcType":"NSTRING","precision":8,"scale":0,"columnIndex":-1,"isKey":false,"isExternalId":false,"isSfIdLookup":false,"isNullable":false,"isUnique":false,"isCreateable":false,"isUpdateable":true,"isFilterable":true,"isCalculated":false,"javaType":"java.lang.String","showLabel":true,"naturalOrder":3,"linkedFields":["JobTitle"],"relatedInfos":[],"references":[]},"expression":"JobTitle"}],"sourceFields":[{"@type":"field","id":36264673,"name":"PersonnelArea","type":"varchar","uniqueName":"PersonnelArea","label":"PersonnelArea","parentObject":"ZZ_Facilities","pcType":"STRING","precision":5,"scale":0,"columnIndex":0,"isKey":false,"isExternalId":false,"isSfIdLookup":false,"isNullable":true,"isUnique":false,"isCreateable":false,"isUpdateable":true,"isFilterable":true,"isCalculated":false,"showLabel":false,"naturalOrder":0,"linkedFields":["PersonnelArea"],"relatedInfos":[],"references":[]},{"@type":"field","id":36264676,"name":"EmployeeSubgroup","type":"varchar","uniqueName":"EmployeeSubgroup","label":"EmployeeSubgroup","parentObject":"ZZ_Facilities","pcType":"STRING","precision":3,"scale":0,"columnIndex":1,"isKey":false,"isExternalId":false,"isSfIdLookup":false,"isNullable":true,"isUnique":false,"isCreateable":false,"isUpdateable":true,"isFilterable":true,"isCalculated":false,"showLabel":false,"naturalOrder":1,"linkedFields":[],"relatedInfos":[],"references":[]},{"@type":"field","id":36264679,"name":"PersonnelNumber","type":"varchar","uniqueName":"PersonnelNumber","label":"PersonnelNumber","parentObject":"ZZ_Facilities","pcType":"STRING","precision":8,"scale":0,"columnIndex":2,"isKey":false,"isExternalId":false,"isSfIdLookup":false,"isNullable":true,"isUnique":false,"isCreateable":false,"isUpdateable":true,"isFilterable":true,"isCalculated":false,"showLabel":false,"naturalOrder":2,"linkedFields":["PersonnelNumber"],"relatedInfos":[],"references":[]},{"@type":"field","id":36264682,"name":"EmployeeName","type":"varchar","uniqueName":"EmployeeName","label":"EmployeeName","parentObject":"ZZ_Facilities","pcType":"STRING","precision":100,"scale":0,"columnIndex":3,"isKey":false,"isExternalId":false,"isSfIdLookup":false,"isNullable":true,"isUnique":false,"isCreateable":false,"isUpdateable":true,"isFilterable":true,"isCalculated":false,"showLabel":false,"naturalOrder":3,"linkedFields":["EmployeeName"],"relatedInfos":[],"references":[]},{"@type":"field","id":36264685,"name":"ActionStartDate","type":"varchar","uniqueName":"ActionStartDate","label":"ActionStartDate","parentObject":"ZZ_Facilities","pcType":"STRING","precision":10,"scale":0,"columnIndex":4,"isKey":false,"isExternalId":false,"isSfIdLookup":false,"isNullable":true,"isUnique":false,"isCreateable":false,"isUpdateable":true,"isFilterable":true,"isCalculated":false,"showLabel":false,"naturalOrder":4,"linkedFields":[],"relatedInfos":[],"references":[]},{"@type":"field","id":36264688,"name":"ActionType","type":"varchar","uniqueName":"ActionType","label":"ActionType","parentObject":"ZZ_Facilities","pcType":"STRING","precision":4,"scale":0,"columnIndex":5,"isKey":false,"isExternalId":false,"isSfIdLookup":false,"isNullable":true,"isUnique":false,"isCreateable":false,"isUpdateable":true,"isFilterable":true,"isCalculated":false,"showLabel":false,"naturalOrder":5,"linkedFields":[],"relatedInfos":[],"references":[]},{"@type":"field","id":36264691,"name":"ActionReason","type":"varchar","uniqueName":"ActionReason","label":"ActionReason","parentObject":"ZZ_Facilities","pcType":"STRING","precision":25,"scale":0,"columnIndex":6,"isKey":false,"isExternalId":false,"isSfIdLookup":false,"isNullable":true,"isUnique":false,"isCreateable":false,"isUpdateable":true,"isFilterable":true,"isCalculated":false,"showLabel":false,"naturalOrder":6,"linkedFields":[],"relatedInfos":[],"references":[]},{"@type":"field","id":36264694,"name":"EmploymentStatus","type":"varchar","uniqueName":"EmploymentStatus","label":"EmploymentStatus","parentObject":"ZZ_Facilities","pcType":"STRING","precision":12,"scale":0,"columnIndex":7,"isKey":false,"isExternalId":false,"isSfIdLookup":false,"isNullable":true,"isUnique":false,"isCreateable":false,"isUpdateable":true,"isFilterable":true,"isCalculated":false,"showLabel":false,"naturalOrder":7,"linkedFields":[],"relatedInfos":[],"references":[]},{"@type":"field","id":36264697,"name":"PositionStartDate","type":"varchar","uniqueName":"PositionStartDate","label":"PositionStartDate","parentObject":"ZZ_Facilities","pcType":"STRING","precision":10,"scale":0,"columnIndex":8,"isKey":false,"isExternalId":false,"isSfIdLookup":false,"isNullable":true,"isUnique":false,"isCreateable":false,"isUpdateable":true,"isFilterable":true,"isCalculated":false,"showLabel":false,"naturalOrder":8,"linkedFields":[],"relatedInfos":[],"references":[]},{"@type":"field","id":36264700,"name":"JobTitle","type":"varchar","uniqueName":"JobTitle","label":"JobTitle","parentObject":"ZZ_Facilities","pcType":"STRING","precision":100,"scale":0,"columnIndex":9,"isKey":false,"isExternalId":false,"isSfIdLookup":false,"isNullable":true,"isUnique":false,"isCreateable":false,"isUpdateable":true,"isFilterable":true,"isCalculated":false,"showLabel":false,"naturalOrder":9,"linkedFields":["JobTitle"],"relatedInfos":[],"references":[]},{"@type":"field","id":36264703,"name":"AnniversaryDate","type":"varchar","uniqueName":"AnniversaryDate","label":"AnniversaryDate","parentObject":"ZZ_Facilities","pcType":"STRING","precision":10,"scale":0,"columnIndex":10,"isKey":false,"isExternalId":false,"isSfIdLookup":false,"isNullable":true,"isUnique":false,"isCreateable":false,"isUpdateable":true,"isFilterable":true,"isCalculated":false,"showLabel":false,"naturalOrder":10,"linkedFields":[],"relatedInfos":[],"references":[]},{"@type":"field","id":36264706,"name":"OriginalHireDate","type":"varchar","uniqueName":"OriginalHireDate","label":"OriginalHireDate","parentObject":"ZZ_Facilities","pcType":"STRING","precision":10,"scale":0,"columnIndex":11,"isKey":false,"isExternalId":false,"isSfIdLookup":false,"isNullable":true,"isUnique":false,"isCreateable":false,"isUpdateable":true,"isFilterable":true,"isCalculated":false,"showLabel":false,"naturalOrder":11,"linkedFields":[],"relatedInfos":[],"references":[]},{"@type":"field","id":36264709,"name":"SeparationDate","type":"varchar","uniqueName":"SeparationDate","label":"SeparationDate","parentObject":"ZZ_Facilities","pcType":"STRING","precision":10,"scale":0,"columnIndex":12,"isKey":false,"isExternalId":false,"isSfIdLookup":false,"isNullable":true,"isUnique":false,"isCreateable":false,"isUpdateable":true,"isFilterable":true,"isCalculated":false,"showLabel":false,"naturalOrder":12,"linkedFields":[],"relatedInfos":[],"references":[]}],"sortFields":[],"groupFields":[]}]