[{"@type":"dssTask","id":"@1","name":"st_EIStaging","description":"Check EIStaging ","maxLogs":10,"sourceConnectionId":"@gWgZ5LwPngOliJyLqp6kyt","targetConnectionId":"@k7EqXrN93cUghGAqc9gBQM","targetObject":"Test_EIStaging.txt","targetObjectLabel":"Test_EIStaging.txt","operation":"Insert","maxRows":0,"truncateTarget":false,"bulkApiDBTarget":false,"verbose":false,"tgtFlatFileAttrs":{"@type":"flatFileAttrs","id":18865720,"delimiter":",","textQualifier":"none","escapeChar":"","headerLineNo":1,"firstDataRow":2},"targetMetadataUpdated":false,"modelVersion":"V3-R600","queryAll":false,"srcSettings":{"@type":"taskDataSourceSetting","isShowLabels":false,"isNaturalOrder":true},"tgtSettings":{"@type":"taskDataSourceSetting","isShowLabels":false,"isNaturalOrder":true},"cfSettings":{"@type":"taskDataSourceSetting","isShowLabels":false,"isNaturalOrder":false},"bulkApi":false,"bulkApiSerialMode":false,"bulkApiMonitor":false,"isTargetObjectSfCustom":false,"allowNullUpdates":false,"targetBatchSize":200,"assignmentRuleId":"-1","assignmentRuleType":"None","createSuccessFile":false,"bulkApiHardDelete":false,"srcRuntimeAttrs":{"@type":"taskRuntimeAttrs","attrs":{}},"tgtRuntimeAttrs":{"@type":"taskRuntimeAttrs","attrs":{}},"parameterFileEncoding":"UTF-8","sourceObjects":[{"@type":"mObject","name":"ZTLA_QT_TURNOFF_Derived","label":"ZTLA_QT_TURNOFF_Derived","metadataUpdated":false,"relations":[],"children":[]}],"advancedFilters":[{"@type":"advancedFilter","id":"73459","objectName":"ZTLA_QT_TURNOFF_Derived","objectLabel":"ZTLA_QT_TURNOFF_Derived","expression":"1 <> 1"}],"filters":[],"fieldMaps":[{"@type":"fieldMap","id":"24492523","targetField":{"@type":"field","id":66497980,"name":"_MANDT_","type":"nstring","uniqueName":"_MANDT_","label":"_MANDT_","parentObject":"Test_EIStaging.txt","pcType":"UNISTRING","precision":3,"scale":0,"columnIndex":0,"isKey":false,"isExternalId":false,"isSfIdLookup":false,"isNullable":true,"isUnique":false,"isCreateable":false,"isUpdateable":true,"isFilterable":true,"isCalculated":false,"showLabel":false,"naturalOrder":0,"linkedFields":["MANDT"],"relatedInfos":[],"references":[]},"expression":"MANDT"},{"@type":"fieldMap","id":"24492526","targetField":{"@type":"field","id":66497983,"name":"_WERKS_","type":"nstring","uniqueName":"_WERKS_","label":"_WERKS_","parentObject":"Test_EIStaging.txt","pcType":"UNISTRING","precision":4,"scale":0,"columnIndex":1,"isKey":false,"isExternalId":false,"isSfIdLookup":false,"isNullable":true,"isUnique":false,"isCreateable":false,"isUpdateable":true,"isFilterable":true,"isCalculated":false,"showLabel":false,"naturalOrder":0,"linkedFields":["WERKS"],"relatedInfos":[],"references":[]},"expression":"WERKS"},{"@type":"fieldMap","id":"24492529","targetField":{"@type":"field","id":66497986,"name":"_ORGEH_","type":"number","uniqueName":"_ORGEH_","label":"_ORGEH_","parentObject":"Test_EIStaging.txt","pcType":"HIPRECDECIMAL","precision":8,"scale":0,"columnIndex":2,"isKey":false,"isExternalId":false,"isSfIdLookup":false,"isNullable":true,"isUnique":false,"isCreateable":false,"isUpdateable":true,"isFilterable":true,"isCalculated":false,"showLabel":false,"naturalOrder":0,"linkedFields":["ORGEH"],"relatedInfos":[],"references":[]},"expression":"ORGEH"},{"@type":"fieldMap","id":"24492532","targetField":{"@type":"field","id":66497989,"name":"_BEGDA_","type":"datetime","uniqueName":"_BEGDA_","label":"_BEGDA_","parentObject":"Test_EIStaging.txt","pcType":"DATE","precision":19,"scale":0,"columnIndex":3,"isKey":false,"isExternalId":false,"isSfIdLookup":false,"isNullable":true,"isUnique":false,"isCreateable":false,"isUpdateable":true,"isFilterable":true,"isCalculated":false,"showLabel":false,"naturalOrder":0,"linkedFields":["BEGDA"],"relatedInfos":[],"references":[]},"expression":"BEGDA"},{"@type":"fieldMap","id":"24492535","targetField":{"@type":"field","id":66497992,"name":"_ENDDA_","type":"datetime","uniqueName":"_ENDDA_","label":"_ENDDA_","parentObject":"Test_EIStaging.txt","pcType":"DATE","precision":19,"scale":0,"columnIndex":4,"isKey":false,"isExternalId":false,"isSfIdLookup":false,"isNullable":true,"isUnique":false,"isCreateable":false,"isUpdateable":true,"isFilterable":true,"isCalculated":false,"showLabel":false,"naturalOrder":0,"linkedFields":["ENDDA"],"relatedInfos":[],"references":[]},"expression":"ENDDA"},{"@type":"fieldMap","id":"24492538","targetField":{"@type":"field","id":66497995,"name":"_agency_go_live_date_","type":"datetime","uniqueName":"_agency_go_live_date_","label":"_agency_go_live_date_","parentObject":"Test_EIStaging.txt","pcType":"DATE","precision":19,"scale":0,"columnIndex":5,"isKey":false,"isExternalId":false,"isSfIdLookup":false,"isNullable":true,"isUnique":false,"isCreateable":false,"isUpdateable":true,"isFilterable":true,"isCalculated":false,"showLabel":false,"naturalOrder":0,"linkedFields":["agency_go_live_date"],"relatedInfos":[],"references":[]},"expression":"agency_go_live_date"},{"@type":"fieldMap","id":"24492541","targetField":{"@type":"field","id":66497998,"name":"_derived_","type":"nstring","uniqueName":"_derived_","label":"_derived_","parentObject":"Test_EIStaging.txt","pcType":"UNISTRING","precision":1,"scale":0,"columnIndex":6,"isKey":false,"isExternalId":false,"isSfIdLookup":false,"isNullable":true,"isUnique":false,"isCreateable":false,"isUpdateable":true,"isFilterable":true,"isCalculated":false,"showLabel":false,"naturalOrder":0,"linkedFields":["derived"],"relatedInfos":[],"references":[]},"expression":"derived"}],"sourceFields":[{"@type":"field","id":66498001,"name":"MANDT","type":"varchar","uniqueName":"MANDT","label":"MANDT","parentObject":"ZTLA_QT_TURNOFF_Derived","pcType":"STRING","precision":3,"scale":0,"columnIndex":0,"isKey":false,"isExternalId":false,"isSfIdLookup":false,"isNullable":true,"isUnique":false,"isCreateable":false,"isUpdateable":true,"isFilterable":true,"isCalculated":false,"showLabel":false,"naturalOrder":0,"linkedFields":["_MANDT_"],"relatedInfos":[],"references":[]},{"@type":"field","id":66498004,"name":"WERKS","type":"varchar","uniqueName":"WERKS","label":"WERKS","parentObject":"ZTLA_QT_TURNOFF_Derived","pcType":"STRING","precision":4,"scale":0,"columnIndex":1,"isKey":false,"isExternalId":false,"isSfIdLookup":false,"isNullable":true,"isUnique":false,"isCreateable":false,"isUpdateable":true,"isFilterable":true,"isCalculated":false,"showLabel":false,"naturalOrder":1,"linkedFields":["_WERKS_"],"relatedInfos":[],"references":[]},{"@type":"field","id":66498007,"name":"ORGEH","type":"decimal","uniqueName":"ORGEH","label":"ORGEH","parentObject":"ZTLA_QT_TURNOFF_Derived","pcType":"HIPRECDECIMAL","precision":8,"scale":0,"columnIndex":2,"isKey":false,"isExternalId":false,"isSfIdLookup":false,"isNullable":true,"isUnique":false,"isCreateable":false,"isUpdateable":true,"isFilterable":true,"isCalculated":false,"showLabel":false,"naturalOrder":2,"linkedFields":["_ORGEH_"],"relatedInfos":[],"references":[]},{"@type":"field","id":66498010,"name":"BEGDA","type":"timestamp","uniqueName":"BEGDA","label":"BEGDA","parentObject":"ZTLA_QT_TURNOFF_Derived","pcType":"DATE","precision":23,"scale":3,"columnIndex":3,"isKey":false,"isExternalId":false,"isSfIdLookup":false,"isNullable":true,"isUnique":false,"isCreateable":false,"isUpdateable":true,"isFilterable":true,"isCalculated":false,"showLabel":false,"naturalOrder":3,"linkedFields":["_BEGDA_"],"relatedInfos":[],"references":[]},{"@type":"field","id":66498013,"name":"ENDDA","type":"timestamp","uniqueName":"ENDDA","label":"ENDDA","parentObject":"ZTLA_QT_TURNOFF_Derived","pcType":"DATE","precision":23,"scale":3,"columnIndex":4,"isKey":false,"isExternalId":false,"isSfIdLookup":false,"isNullable":true,"isUnique":false,"isCreateable":false,"isUpdateable":true,"isFilterable":true,"isCalculated":false,"showLabel":false,"naturalOrder":4,"linkedFields":["_ENDDA_"],"relatedInfos":[],"references":[]},{"@type":"field","id":66498016,"name":"agency_go_live_date","type":"timestamp","uniqueName":"agency_go_live_date","label":"agency_go_live_date","parentObject":"ZTLA_QT_TURNOFF_Derived","pcType":"DATE","precision":23,"scale":3,"columnIndex":5,"isKey":false,"isExternalId":false,"isSfIdLookup":false,"isNullable":true,"isUnique":false,"isCreateable":false,"isUpdateable":true,"isFilterable":true,"isCalculated":false,"showLabel":false,"naturalOrder":5,"linkedFields":["_agency_go_live_date_"],"relatedInfos":[],"references":[]},{"@type":"field","id":66498019,"name":"derived","type":"char","uniqueName":"derived","label":"derived","parentObject":"ZTLA_QT_TURNOFF_Derived","pcType":"STRING","precision":1,"scale":0,"columnIndex":6,"isKey":false,"isExternalId":false,"isSfIdLookup":false,"isNullable":true,"isUnique":false,"isCreateable":false,"isUpdateable":true,"isFilterable":true,"isCalculated":false,"showLabel":false,"naturalOrder":6,"linkedFields":["_derived_"],"relatedInfos":[],"references":[]}],"sortFields":[],"groupFields":[]}]