[{"@type":"mappingTemplate","id":"@1","name":"m_fwidth","description":"","bundleVersion":"0","templateId":"@3","deployTime":1578073952000,"hasParameters":false,"valid":true,"fixedConnection":true,"hasParametersDeployed":false,"fixedConnectionDeployed":true,"tasks":0,"mappingPreviewFileRecordId":"@2","documentType":"","references":[{"@type":"reference","refObjectId":"@gWgZ5LwPngOliJyLqp6kyt","refType":"connection"},{"@type":"reference","refObjectId":"@k7EqXrN93cUghGAqc9gBQM","refType":"connection"},{"@type":"reference","refObjectId":"@a8bdiBRmQzKcGa8qGplhAA","refType":"fwConfig"}]}]