[{"@type":"fileRecord","id":"@2","name":"extension","type":"XML","size":27135,"attachTime":1577386305000},{"@type":"fileRecord","id":"@3","name":"fault","type":"XSD","size":6491,"attachTime":1577386305000},{"@type":"fileRecord","id":"@6","name":"response","type":"XSD","size":9087,"attachTime":1577386305000},{"@type":"fileRecord","id":"@5","name":"request","type":"XSD","size":8655,"attachTime":1577386305000},{"@type":"fileRecord","id":"@4","name":"metadata","type":"JSON","size":6843,"attachTime":1577386305000}]