[{"@type":"mappingTemplate","id":"@1","name":"m_MasterIndex","description":"","bundleVersion":"0","templateId":"@3","deployTime":1578095337000,"hasParameters":false,"valid":true,"fixedConnection":true,"hasParametersDeployed":false,"fixedConnectionDeployed":true,"tasks":0,"mappingPreviewFileRecordId":"@2","documentType":"","references":[{"@type":"reference","refObjectId":"@k7EqXrN93cUghGAqc9gBQM","refType":"connection"},{"@type":"reference","refObjectId":"@1wFs4LGpbpJlBRZyWaBOGI","refType":"connection"}]}]