[{"@type":"connection","id":"@1","name":"flatFile_Source_FileListener_OFMAFRS_sft","runtimeEnvironmentId":"@6dKHc1uY0vOk9iOoP3L84v","instanceDisplayName":"CSVFile","dateFormat":"MM/dd/yyyy HH:mm:ss","database":"\\\\enaapintdv02\\IICS_Shared\\SrcFiles\\FileListener_OFMAFRS_sft","codepage":"MS1252","type":"CSVFile","port":0,"majorUpdateTime":"2020-06-04T12:12:59.000Z","timeout":60,"connParams":{"agentId":"010YZQ08000000000003","agentGroupId":"010YZQ25000000000003","orgId":"010YZQ"},"internal":false,"federatedId":"9NcMtsv8hGdbCESxIBQMYC","retryNetworkError":false}]