[{"@type":"fileRecord","id":"@3","name":"fault","type":"XSD","size":6473,"attachTime":1578612884000},{"@type":"fileRecord","id":"@6","name":"response","type":"XSD","size":9060,"attachTime":1578612884000},{"@type":"fileRecord","id":"@5","name":"request","type":"XSD","size":8644,"attachTime":1578612884000},{"@type":"fileRecord","id":"@4","name":"metadata","type":"JSON","size":6799,"attachTime":1578612884000},{"@type":"fileRecord","id":"@2","name":"extension","type":"XML","size":27073,"attachTime":1578612884000}]