[{"@type":"mappingTemplate","id":"@1","name":"m_ActiveDirectory_EIStaging_WORKS","description":"Extracts all or filtered data from a source and loads it to an existing target. \n\nNeed to figure out how to convert binary to text though for the objectGUID","bundleVersion":"0","templateId":"@3","deployTime":1576024987000,"hasParameters":false,"valid":true,"fixedConnection":true,"hasParametersDeployed":false,"fixedConnectionDeployed":true,"tasks":1,"mappingPreviewFileRecordId":"@2","documentType":"MAPPING","references":[{"@type":"reference","refObjectId":"@gWgZ5LwPngOliJyLqp6kyt","refType":"connection"},{"@type":"reference","refObjectId":"@4ePkXCFbL6QbXk64Ids70u","refType":"connection"}]}]