[{"@type":"fwConfig","id":"@1","name":"fw_950","description":"","lineSequential":true,"padBytes":0,"skipRows":0,"nullChar":" ","nullCharType":"ASCII","repeatNullChar":false,"stripTrailingBlank":false,"dateFormat":"","columns":[{"@type":"fwColumn","name":"Agency","nativeType":"string","precision":4,"physicalLength":0,"scale":0},{"@type":"fwColumn","name":"BatchDate","nativeType":"string","precision":6,"physicalLength":0,"scale":0},{"@type":"fwColumn","name":"BatchType","nativeType":"string","precision":2,"physicalLength":0,"scale":0},{"@type":"fwColumn","name":"BatchNum","nativeType":"string","precision":3,"physicalLength":0,"scale":0},{"@type":"fwColumn","name":"DupInd","nativeType":"string","precision":1,"physicalLength":0,"scale":0},{"@type":"fwColumn","name":"TransType","nativeType":"string","precision":1,"physicalLength":0,"scale":0},{"@type":"fwColumn","name":"BeachSeqNum","nativeType":"string","precision":5,"physicalLength":0,"scale":0},{"@type":"fwColumn","name":"TransCode","nativeType":"string","precision":3,"physicalLength":0,"scale":0},{"@type":"fwColumn","name":"ReverseInd","nativeType":"string","precision":2,"physicalLength":0,"scale":0},{"@type":"fwColumn","name":"Biennium","nativeType":"string","precision":2,"physicalLength":0,"scale":0},{"@type":"fwColumn","name":"FiscalMonth","nativeType":"string","precision":2,"physicalLength":0,"scale":0},{"@type":"fwColumn","name":"PostingMonth","nativeType":"string","precision":2,"physicalLength":0,"scale":0},{"@type":"fwColumn","name":"OrgCode","nativeType":"string","precision":4,"physicalLength":0,"scale":0},{"@type":"fwColumn","name":"MasterIndex","nativeType":"string","precision":8,"physicalLength":0,"scale":0},{"@type":"fwColumn","name":"AppropriationIndex","nativeType":"string","precision":3,"physicalLength":0,"scale":0},{"@type":"fwColumn","name":"Fund","nativeType":"string","precision":3,"physicalLength":0,"scale":0},{"@type":"fwColumn","name":"ProgramIndex","nativeType":"string","precision":7,"physicalLength":0,"scale":0},{"@type":"fwColumn","name":"OrganizationIndex","nativeType":"string","precision":4,"physicalLength":0,"scale":0},{"@type":"fwColumn","name":"Project","nativeType":"string","precision":4,"physicalLength":0,"scale":0},{"@type":"fwColumn","name":"SubProject","nativeType":"string","precision":2,"physicalLength":0,"scale":0},{"@type":"fwColumn","name":"ProjectPhase","nativeType":"string","precision":2,"physicalLength":0,"scale":0},{"@type":"fwColumn","name":"SubObject","nativeType":"string","precision":2,"physicalLength":0,"scale":0},{"@type":"fwColumn","name":"SubSubObject","nativeType":"string","precision":4,"physicalLength":0,"scale":0},{"@type":"fwColumn","name":"MajorSource","nativeType":"string","precision":2,"physicalLength":0,"scale":0},{"@type":"fwColumn","name":"Source","nativeType":"string","precision":2,"physicalLength":0,"scale":0},{"@type":"fwColumn","name":"SubSource","nativeType":"string","precision":6,"physicalLength":0,"scale":0},{"@type":"fwColumn","name":"GLAccount","nativeType":"string","precision":4,"physicalLength":0,"scale":0},{"@type":"fwColumn","name":"WorkClass","nativeType":"string","precision":19,"physicalLength":0,"scale":0},{"@type":"fwColumn","name":"BudgetUnit","nativeType":"string","precision":3,"physicalLength":0,"scale":0},{"@type":"fwColumn","name":"County","nativeType":"string","precision":3,"physicalLength":0,"scale":0},{"@type":"fwColumn","name":"City","nativeType":"string","precision":4,"physicalLength":0,"scale":0},{"@type":"fwColumn","name":"MonthOfService","nativeType":"string","precision":5,"physicalLength":0,"scale":0},{"@type":"fwColumn","name":"AllocationCode","nativeType":"string","precision":4,"physicalLength":0,"scale":0},{"@type":"fwColumn","name":"CurrentDocument","nativeType":"string","precision":34,"physicalLength":0,"scale":0},{"@type":"fwColumn","name":"Amount","nativeType":"string","precision":30,"physicalLength":0,"scale":0},{"@type":"fwColumn","name":"MIExplosionInd","nativeType":"string","precision":39,"physicalLength":0,"scale":0},{"@type":"fwColumn","name":"SWVendor","nativeType":"string","precision":28,"physicalLength":0,"scale":0},{"@type":"fwColumn","name":"InvoiceNumber","nativeType":"string","precision":369,"physicalLength":0,"scale":0},{"@type":"fwColumn","name":"AgreementID","nativeType":"string","precision":82,"physicalLength":0,"scale":0},{"@type":"fwColumn","name":"Location","nativeType":"string","precision":139,"physicalLength":0,"scale":0},{"@type":"fwColumn","name":"OriginCode","nativeType":"string","precision":60,"physicalLength":0,"scale":0}]}]