[{"@type":"fwConfig","id":"@1","name":"fw_950","description":"","lineSequential":true,"padBytes":0,"skipRows":0,"nullChar":" ","nullCharType":"ASCII","repeatNullChar":false,"stripTrailingBlank":false,"dateFormat":"","columns":[{"@type":"fwColumn","name":"Agency","nativeType":"string","precision":4,"physicalLength":0,"scale":0},{"@type":"fwColumn","name":"BatchDate","nativeType":"string","precision":6,"physicalLength":0,"scale":0},{"@type":"fwColumn","name":"BatchType","nativeType":"string","precision":2,"physicalLength":0,"scale":0},{"@type":"fwColumn","name":"BatchNum","nativeType":"string","precision":3,"physicalLength":0,"scale":0},{"@type":"fwColumn","name":"DupInd","nativeType":"string","precision":1,"physicalLength":0,"scale":0},{"@type":"fwColumn","name":"TransType","nativeType":"string","precision":1,"physicalLength":0,"scale":0},{"@type":"fwColumn","name":"BeachSeqNum","nativeType":"string","precision":5,"physicalLength":0,"scale":0},{"@type":"fwColumn","name":"TransCode","nativeType":"string","precision":3,"physicalLength":0,"scale":0},{"@type":"fwColumn","name":"Buffer_Col26","nativeType":"string","precision":1,"physicalLength":0,"scale":0},{"@type":"fwColumn","name":"ReverseInd","nativeType":"string","precision":1,"physicalLength":0,"scale":0},{"@type":"fwColumn","name":"Biennium","nativeType":"string","precision":2,"physicalLength":0,"scale":0},{"@type":"fwColumn","name":"FiscalMonth","nativeType":"string","precision":2,"physicalLength":0,"scale":0},{"@type":"fwColumn","name":"PostingMonth","nativeType":"string","precision":2,"physicalLength":0,"scale":0},{"@type":"fwColumn","name":"OrgCode","nativeType":"string","precision":4,"physicalLength":0,"scale":0},{"@type":"fwColumn","name":"MasterIndex","nativeType":"string","precision":8,"physicalLength":0,"scale":0},{"@type":"fwColumn","name":"AppropriationIndex","nativeType":"string","precision":3,"physicalLength":0,"scale":0},{"@type":"fwColumn","name":"Fund","nativeType":"string","precision":3,"physicalLength":0,"scale":0},{"@type":"fwColumn","name":"Buffer_Col53","nativeType":"string","precision":2,"physicalLength":0,"scale":0},{"@type":"fwColumn","name":"ProgramIndex","nativeType":"string","precision":5,"physicalLength":0,"scale":0},{"@type":"fwColumn","name":"OrganizationIndex","nativeType":"string","precision":4,"physicalLength":0,"scale":0},{"@type":"fwColumn","name":"Project","nativeType":"string","precision":4,"physicalLength":0,"scale":0},{"@type":"fwColumn","name":"SubProject","nativeType":"string","precision":2,"physicalLength":0,"scale":0},{"@type":"fwColumn","name":"ProjectPhase","nativeType":"string","precision":2,"physicalLength":0,"scale":0},{"@type":"fwColumn","name":"SubObject","nativeType":"string","precision":2,"physicalLength":0,"scale":0},{"@type":"fwColumn","name":"SubSubObject","nativeType":"string","precision":4,"physicalLength":0,"scale":0},{"@type":"fwColumn","name":"MajorSource","nativeType":"string","precision":2,"physicalLength":0,"scale":0},{"@type":"fwColumn","name":"Source","nativeType":"string","precision":2,"physicalLength":0,"scale":0},{"@type":"fwColumn","name":"SubSource","nativeType":"string","precision":6,"physicalLength":0,"scale":0},{"@type":"fwColumn","name":"GLAccount","nativeType":"string","precision":4,"physicalLength":0,"scale":0},{"@type":"fwColumn","name":"Buffer_Col106","nativeType":"string","precision":16,"physicalLength":0,"scale":0},{"@type":"fwColumn","name":"WorkClass","nativeType":"string","precision":3,"physicalLength":0,"scale":0},{"@type":"fwColumn","name":"BudgetUnit","nativeType":"string","precision":3,"physicalLength":0,"scale":0},{"@type":"fwColumn","name":"County","nativeType":"string","precision":3,"physicalLength":0,"scale":0},{"@type":"fwColumn","name":"City","nativeType":"string","precision":4,"physicalLength":0,"scale":0},{"@type":"fwColumn","name":"Buffer_Col120","nativeType":"string","precision":1,"physicalLength":0,"scale":0},{"@type":"fwColumn","name":"MonthOfService","nativeType":"string","precision":4,"physicalLength":0,"scale":0},{"@type":"fwColumn","name":"AllocationCode","nativeType":"string","precision":4,"physicalLength":0,"scale":0},{"@type":"fwColumn","name":"Buffer_Col152","nativeType":"string","precision":24,"physicalLength":0,"scale":0},{"@type":"fwColumn","name":"CurrentDocument","nativeType":"string","precision":10,"physicalLength":0,"scale":0},{"@type":"fwColumn","name":"Buffer_Col179","nativeType":"string","precision":17,"physicalLength":0,"scale":0},{"@type":"fwColumn","name":"Amount","nativeType":"string","precision":13,"physicalLength":0,"scale":0},{"@type":"fwColumn","name":"Buffer_Col230","nativeType":"string","precision":38,"physicalLength":0,"scale":0},{"@type":"fwColumn","name":"MIExplosionInd","nativeType":"string","precision":1,"physicalLength":0,"scale":0},{"@type":"fwColumn","name":"Buffer_Col247","nativeType":"string","precision":16,"physicalLength":0,"scale":0},{"@type":"fwColumn","name":"SWVendor","nativeType":"string","precision":12,"physicalLength":0,"scale":0},{"@type":"fwColumn","name":"Buffer_608","nativeType":"string","precision":349,"physicalLength":0,"scale":0},{"@type":"fwColumn","name":"InvoiceNumber","nativeType":"string","precision":20,"physicalLength":0,"scale":0},{"@type":"fwColumn","name":"Buffer_Col694","nativeType":"string","precision":66,"physicalLength":0,"scale":0},{"@type":"fwColumn","name":"AgreementID","nativeType":"string","precision":16,"physicalLength":0,"scale":0},{"@type":"fwColumn","name":"Buffer_Col842","nativeType":"string","precision":132,"physicalLength":0,"scale":0},{"@type":"fwColumn","name":"Location","nativeType":"string","precision":7,"physicalLength":0,"scale":0},{"@type":"fwColumn","name":"Buffer_Col908","nativeType":"string","precision":59,"physicalLength":0,"scale":0},{"@type":"fwColumn","name":"OriginCode","nativeType":"string","precision":2,"physicalLength":0,"scale":0}]}]