[{"@type":"dssTask","id":"@1","name":"st_FPMT_AFRSTransaction","description":"","maxLogs":10,"sourceConnectionId":"@0XDVH8oqa7Ue0haolkhGCg","targetConnectionId":"@k7EqXrN93cUghGAqc9gBQM","targetObject":"FPMTCodingMap.csv","operation":"Insert","maxRows":0,"truncateTarget":false,"bulkApiDBTarget":false,"verbose":false,"tgtFlatFileAttrs":{"@type":"flatFileAttrs","id":19299052,"delimiter":",","textQualifier":"none","escapeChar":"","headerLineNo":1,"firstDataRow":2},"targetMetadataUpdated":false,"modelVersion":"V3-R600","queryAll":false,"srcSettings":{"@type":"taskDataSourceSetting","isShowLabels":false,"isNaturalOrder":true},"tgtSettings":{"@type":"taskDataSourceSetting","isShowLabels":false,"isNaturalOrder":true},"cfSettings":{"@type":"taskDataSourceSetting","isShowLabels":false,"isNaturalOrder":false},"bulkApi":false,"bulkApiSerialMode":false,"bulkApiMonitor":false,"isTargetObjectSfCustom":false,"allowNullUpdates":false,"targetBatchSize":200,"assignmentRuleId":"-1","assignmentRuleType":"None","createSuccessFile":false,"bulkApiHardDelete":false,"srcRuntimeAttrs":{"@type":"taskRuntimeAttrs","attrs":{}},"tgtRuntimeAttrs":{"@type":"taskRuntimeAttrs","attrs":{}},"parameterFileEncoding":"UTF-8","sourceObjects":[{"@type":"mObject","name":"FPMTCodingMap","label":"FPMTCodingMap","metadataUpdated":false,"relations":[],"children":[]}],"advancedFilters":[{"@type":"advancedFilter","id":"74188","objectName":"FPMTCodingMap","objectLabel":"FPMTCodingMap","expression":"1<>1"}],"filters":[],"fieldMaps":[{"@type":"fieldMap","id":"24698287","targetField":{"@type":"field","id":67733791,"name":"EventType","type":"nstring","uniqueName":"EventType","label":"EventType","parentObject":"FPMTCodingMap.csv","pcType":"UNISTRING","precision":2,"scale":0,"columnIndex":0,"isKey":false,"isExternalId":false,"isSfIdLookup":false,"isNullable":true,"isUnique":false,"isCreateable":false,"isUpdateable":true,"isFilterable":true,"isCalculated":false,"showLabel":false,"naturalOrder":0,"linkedFields":["EventType"],"relatedInfos":[],"references":[]},"expression":"EventType"},{"@type":"fieldMap","id":"24698290","targetField":{"@type":"field","id":67733794,"name":"GAAPFundType","type":"nstring","uniqueName":"GAAPFundType","label":"GAAPFundType","parentObject":"FPMTCodingMap.csv","pcType":"UNISTRING","precision":1,"scale":0,"columnIndex":1,"isKey":false,"isExternalId":false,"isSfIdLookup":false,"isNullable":true,"isUnique":false,"isCreateable":false,"isUpdateable":true,"isFilterable":true,"isCalculated":false,"showLabel":false,"naturalOrder":0,"linkedFields":["GAAPFundType"],"relatedInfos":[],"references":[]},"expression":"GAAPFundType"},{"@type":"fieldMap","id":"24698293","targetField":{"@type":"field","id":67733797,"name":"AssetType","type":"nstring","uniqueName":"AssetType","label":"AssetType","parentObject":"FPMTCodingMap.csv","pcType":"UNISTRING","precision":2,"scale":0,"columnIndex":2,"isKey":false,"isExternalId":false,"isSfIdLookup":false,"isNullable":true,"isUnique":false,"isCreateable":false,"isUpdateable":true,"isFilterable":true,"isCalculated":false,"showLabel":false,"naturalOrder":0,"linkedFields":["AssetType"],"relatedInfos":[],"references":[]},"expression":"AssetType"},{"@type":"fieldMap","id":"24698296","targetField":{"@type":"field","id":67733800,"name":"Sequence","type":"int","uniqueName":"Sequence","label":"Sequence","parentObject":"FPMTCodingMap.csv","pcType":"INT","precision":10,"scale":0,"columnIndex":3,"isKey":false,"isExternalId":false,"isSfIdLookup":false,"isNullable":true,"isUnique":false,"isCreateable":false,"isUpdateable":true,"isFilterable":true,"isCalculated":false,"showLabel":false,"naturalOrder":0,"linkedFields":["Sequence"],"relatedInfos":[],"references":[]},"expression":"Sequence"},{"@type":"fieldMap","id":"24698299","targetField":{"@type":"field","id":67733803,"name":"Fund","type":"nstring","uniqueName":"Fund","label":"Fund","parentObject":"FPMTCodingMap.csv","pcType":"UNISTRING","precision":3,"scale":0,"columnIndex":4,"isKey":false,"isExternalId":false,"isSfIdLookup":false,"isNullable":true,"isUnique":false,"isCreateable":false,"isUpdateable":true,"isFilterable":true,"isCalculated":false,"showLabel":false,"naturalOrder":0,"linkedFields":["Fund"],"relatedInfos":[],"references":[]},"expression":"Fund"},{"@type":"fieldMap","id":"24698302","targetField":{"@type":"field","id":67733806,"name":"TransactionCode","type":"nstring","uniqueName":"TransactionCode","label":"TransactionCode","parentObject":"FPMTCodingMap.csv","pcType":"UNISTRING","precision":3,"scale":0,"columnIndex":5,"isKey":false,"isExternalId":false,"isSfIdLookup":false,"isNullable":true,"isUnique":false,"isCreateable":false,"isUpdateable":true,"isFilterable":true,"isCalculated":false,"showLabel":false,"naturalOrder":0,"linkedFields":["TransactionCode"],"relatedInfos":[],"references":[]},"expression":"TransactionCode"},{"@type":"fieldMap","id":"24698305","targetField":{"@type":"field","id":67733809,"name":"ReverseIndicator","type":"nstring","uniqueName":"ReverseIndicator","label":"ReverseIndicator","parentObject":"FPMTCodingMap.csv","pcType":"UNISTRING","precision":1,"scale":0,"columnIndex":6,"isKey":false,"isExternalId":false,"isSfIdLookup":false,"isNullable":true,"isUnique":false,"isCreateable":false,"isUpdateable":true,"isFilterable":true,"isCalculated":false,"showLabel":false,"naturalOrder":0,"linkedFields":["ReverseIndicator"],"relatedInfos":[],"references":[]},"expression":"ReverseIndicator"},{"@type":"fieldMap","id":"24698308","targetField":{"@type":"field","id":67733812,"name":"VariableGLAccount","type":"nstring","uniqueName":"VariableGLAccount","label":"VariableGLAccount","parentObject":"FPMTCodingMap.csv","pcType":"UNISTRING","precision":4,"scale":0,"columnIndex":7,"isKey":false,"isExternalId":false,"isSfIdLookup":false,"isNullable":true,"isUnique":false,"isCreateable":false,"isUpdateable":true,"isFilterable":true,"isCalculated":false,"showLabel":false,"naturalOrder":0,"linkedFields":["VariableGLAccount"],"relatedInfos":[],"references":[]},"expression":"VariableGLAccount"},{"@type":"fieldMap","id":"24698311","targetField":{"@type":"field","id":67733815,"name":"SubObject","type":"nstring","uniqueName":"SubObject","label":"SubObject","parentObject":"FPMTCodingMap.csv","pcType":"UNISTRING","precision":2,"scale":0,"columnIndex":8,"isKey":false,"isExternalId":false,"isSfIdLookup":false,"isNullable":true,"isUnique":false,"isCreateable":false,"isUpdateable":true,"isFilterable":true,"isCalculated":false,"showLabel":false,"naturalOrder":0,"linkedFields":["SubObject"],"relatedInfos":[],"references":[]},"expression":"SubObject"},{"@type":"fieldMap","id":"24698314","targetField":{"@type":"field","id":67733818,"name":"SubSubObject","type":"nstring","uniqueName":"SubSubObject","label":"SubSubObject","parentObject":"FPMTCodingMap.csv","pcType":"UNISTRING","precision":4,"scale":0,"columnIndex":9,"isKey":false,"isExternalId":false,"isSfIdLookup":false,"isNullable":true,"isUnique":false,"isCreateable":false,"isUpdateable":true,"isFilterable":true,"isCalculated":false,"showLabel":false,"naturalOrder":0,"linkedFields":["SubSubObject"],"relatedInfos":[],"references":[]},"expression":"SubSubObject"},{"@type":"fieldMap","id":"24698317","targetField":{"@type":"field","id":67733821,"name":"MajorSource","type":"nstring","uniqueName":"MajorSource","label":"MajorSource","parentObject":"FPMTCodingMap.csv","pcType":"UNISTRING","precision":2,"scale":0,"columnIndex":10,"isKey":false,"isExternalId":false,"isSfIdLookup":false,"isNullable":true,"isUnique":false,"isCreateable":false,"isUpdateable":true,"isFilterable":true,"isCalculated":false,"showLabel":false,"naturalOrder":0,"linkedFields":["MajorSource"],"relatedInfos":[],"references":[]},"expression":"MajorSource"},{"@type":"fieldMap","id":"24698320","targetField":{"@type":"field","id":67733824,"name":"Source","type":"nstring","uniqueName":"Source","label":"Source","parentObject":"FPMTCodingMap.csv","pcType":"UNISTRING","precision":2,"scale":0,"columnIndex":11,"isKey":false,"isExternalId":false,"isSfIdLookup":false,"isNullable":true,"isUnique":false,"isCreateable":false,"isUpdateable":true,"isFilterable":true,"isCalculated":false,"showLabel":false,"naturalOrder":0,"linkedFields":["Source"],"relatedInfos":[],"references":[]},"expression":"Source"},{"@type":"fieldMap","id":"24698323","targetField":{"@type":"field","id":67733827,"name":"IncludeMonthOfService","type":"nstring","uniqueName":"IncludeMonthOfService","label":"IncludeMonthOfService","parentObject":"FPMTCodingMap.csv","pcType":"UNISTRING","precision":1,"scale":0,"columnIndex":12,"isKey":false,"isExternalId":false,"isSfIdLookup":false,"isNullable":true,"isUnique":false,"isCreateable":false,"isUpdateable":true,"isFilterable":true,"isCalculated":false,"showLabel":false,"naturalOrder":0,"linkedFields":["IncludeMonthOfService"],"relatedInfos":[],"references":[]},"expression":"IncludeMonthOfService"}],"sourceFields":[{"@type":"field","id":67733830,"name":"EventType","type":"char","uniqueName":"EventType","label":"EventType","parentObject":"FPMTCodingMap","pcType":"STRING","precision":2,"scale":0,"columnIndex":0,"isKey":true,"isExternalId":false,"isSfIdLookup":false,"isNullable":false,"isUnique":true,"isCreateable":false,"isUpdateable":true,"isFilterable":true,"isCalculated":false,"showLabel":false,"naturalOrder":0,"linkedFields":["EventType"],"relatedInfos":[],"references":[]},{"@type":"field","id":67733833,"name":"GAAPFundType","type":"char","uniqueName":"GAAPFundType","label":"GAAPFundType","parentObject":"FPMTCodingMap","pcType":"STRING","precision":1,"scale":0,"columnIndex":1,"isKey":true,"isExternalId":false,"isSfIdLookup":false,"isNullable":false,"isUnique":true,"isCreateable":false,"isUpdateable":true,"isFilterable":true,"isCalculated":false,"showLabel":false,"naturalOrder":1,"linkedFields":["GAAPFundType"],"relatedInfos":[],"references":[]},{"@type":"field","id":67733836,"name":"AssetType","type":"char","uniqueName":"AssetType","label":"AssetType","parentObject":"FPMTCodingMap","pcType":"STRING","precision":2,"scale":0,"columnIndex":2,"isKey":true,"isExternalId":false,"isSfIdLookup":false,"isNullable":false,"isUnique":true,"isCreateable":false,"isUpdateable":true,"isFilterable":true,"isCalculated":false,"showLabel":false,"naturalOrder":2,"linkedFields":["AssetType"],"relatedInfos":[],"references":[]},{"@type":"field","id":67733839,"name":"Sequence","type":"integer","uniqueName":"Sequence","label":"Sequence","parentObject":"FPMTCodingMap","pcType":"INT","precision":10,"scale":0,"columnIndex":3,"isKey":true,"isExternalId":false,"isSfIdLookup":false,"isNullable":false,"isUnique":true,"isCreateable":false,"isUpdateable":true,"isFilterable":true,"isCalculated":false,"showLabel":false,"naturalOrder":3,"linkedFields":["Sequence"],"relatedInfos":[],"references":[]},{"@type":"field","id":67733842,"name":"Fund","type":"char","uniqueName":"Fund","label":"Fund","parentObject":"FPMTCodingMap","pcType":"STRING","precision":3,"scale":0,"columnIndex":4,"isKey":false,"isExternalId":false,"isSfIdLookup":false,"isNullable":false,"isUnique":false,"isCreateable":false,"isUpdateable":true,"isFilterable":true,"isCalculated":false,"showLabel":false,"naturalOrder":4,"linkedFields":["Fund"],"relatedInfos":[],"references":[]},{"@type":"field","id":67733845,"name":"TransactionCode","type":"char","uniqueName":"TransactionCode","label":"TransactionCode","parentObject":"FPMTCodingMap","pcType":"STRING","precision":3,"scale":0,"columnIndex":5,"isKey":false,"isExternalId":false,"isSfIdLookup":false,"isNullable":false,"isUnique":false,"isCreateable":false,"isUpdateable":true,"isFilterable":true,"isCalculated":false,"showLabel":false,"naturalOrder":5,"linkedFields":["TransactionCode"],"relatedInfos":[],"references":[]},{"@type":"field","id":67733848,"name":"ReverseIndicator","type":"char","uniqueName":"ReverseIndicator","label":"ReverseIndicator","parentObject":"FPMTCodingMap","pcType":"STRING","precision":1,"scale":0,"columnIndex":6,"isKey":false,"isExternalId":false,"isSfIdLookup":false,"isNullable":false,"isUnique":false,"isCreateable":false,"isUpdateable":true,"isFilterable":true,"isCalculated":false,"showLabel":false,"naturalOrder":6,"linkedFields":["ReverseIndicator"],"relatedInfos":[],"references":[]},{"@type":"field","id":67733851,"name":"VariableGLAccount","type":"char","uniqueName":"VariableGLAccount","label":"VariableGLAccount","parentObject":"FPMTCodingMap","pcType":"STRING","precision":4,"scale":0,"columnIndex":7,"isKey":false,"isExternalId":false,"isSfIdLookup":false,"isNullable":false,"isUnique":false,"isCreateable":false,"isUpdateable":true,"isFilterable":true,"isCalculated":false,"showLabel":false,"naturalOrder":7,"linkedFields":["VariableGLAccount"],"relatedInfos":[],"references":[]},{"@type":"field","id":67733854,"name":"SubObject","type":"char","uniqueName":"SubObject","label":"SubObject","parentObject":"FPMTCodingMap","pcType":"STRING","precision":2,"scale":0,"columnIndex":8,"isKey":false,"isExternalId":false,"isSfIdLookup":false,"isNullable":false,"isUnique":false,"isCreateable":false,"isUpdateable":true,"isFilterable":true,"isCalculated":false,"showLabel":false,"naturalOrder":8,"linkedFields":["SubObject"],"relatedInfos":[],"references":[]},{"@type":"field","id":67733857,"name":"SubSubObject","type":"char","uniqueName":"SubSubObject","label":"SubSubObject","parentObject":"FPMTCodingMap","pcType":"STRING","precision":4,"scale":0,"columnIndex":9,"isKey":false,"isExternalId":false,"isSfIdLookup":false,"isNullable":false,"isUnique":false,"isCreateable":false,"isUpdateable":true,"isFilterable":true,"isCalculated":false,"showLabel":false,"naturalOrder":9,"linkedFields":["SubSubObject"],"relatedInfos":[],"references":[]},{"@type":"field","id":67733860,"name":"MajorSource","type":"char","uniqueName":"MajorSource","label":"MajorSource","parentObject":"FPMTCodingMap","pcType":"STRING","precision":2,"scale":0,"columnIndex":10,"isKey":false,"isExternalId":false,"isSfIdLookup":false,"isNullable":false,"isUnique":false,"isCreateable":false,"isUpdateable":true,"isFilterable":true,"isCalculated":false,"showLabel":false,"naturalOrder":10,"linkedFields":["MajorSource"],"relatedInfos":[],"references":[]},{"@type":"field","id":67733863,"name":"Source","type":"char","uniqueName":"Source","label":"Source","parentObject":"FPMTCodingMap","pcType":"STRING","precision":2,"scale":0,"columnIndex":11,"isKey":false,"isExternalId":false,"isSfIdLookup":false,"isNullable":false,"isUnique":false,"isCreateable":false,"isUpdateable":true,"isFilterable":true,"isCalculated":false,"showLabel":false,"naturalOrder":11,"linkedFields":["Source"],"relatedInfos":[],"references":[]},{"@type":"field","id":67733866,"name":"IncludeMonthOfService","type":"char","uniqueName":"IncludeMonthOfService","label":"IncludeMonthOfService","parentObject":"FPMTCodingMap","pcType":"STRING","precision":1,"scale":0,"columnIndex":12,"isKey":false,"isExternalId":false,"isSfIdLookup":false,"isNullable":false,"isUnique":false,"isCreateable":false,"isUpdateable":true,"isFilterable":true,"isCalculated":false,"showLabel":false,"naturalOrder":12,"linkedFields":["IncludeMonthOfService"],"relatedInfos":[],"references":[]}],"sortFields":[],"groupFields":[]}]