[{"@type":"fileRecord","id":"@5","name":"request","type":"XSD","size":5399,"attachTime":1576083196000},{"@type":"fileRecord","id":"@4","name":"metadata","type":"JSON","size":2889,"attachTime":1576083196000},{"@type":"fileRecord","id":"@2","name":"extension","type":"XML","size":17761,"attachTime":1576083196000},{"@type":"fileRecord","id":"@3","name":"fault","type":"XSD","size":4853,"attachTime":1576083196000},{"@type":"fileRecord","id":"@6","name":"response","type":"XSD","size":5452,"attachTime":1576083196000}]