[{"@type":"dssTask","id":"@1","name":"st_SWTitles","description":"","maxLogs":10,"sourceConnectionId":"@1wFs4LGpbpJlBRZyWaBOGI","targetConnectionId":"@k7EqXrN93cUghGAqc9gBQM","targetObject":"Test_SWTitles.txt","targetObjectLabel":"Test_SWTitles.txt","operation":"Insert","maxRows":0,"truncateTarget":false,"bulkApiDBTarget":false,"verbose":false,"tgtFlatFileAttrs":{"@type":"flatFileAttrs","id":19299055,"delimiter":",","textQualifier":"none","escapeChar":"","headerLineNo":1,"firstDataRow":2},"targetMetadataUpdated":false,"modelVersion":"V3-R600","queryAll":false,"srcSettings":{"@type":"taskDataSourceSetting","isShowLabels":false,"isNaturalOrder":true},"tgtSettings":{"@type":"taskDataSourceSetting","isShowLabels":false,"isNaturalOrder":true},"cfSettings":{"@type":"taskDataSourceSetting","isShowLabels":false,"isNaturalOrder":false},"bulkApi":false,"bulkApiSerialMode":false,"bulkApiMonitor":false,"isTargetObjectSfCustom":false,"allowNullUpdates":false,"targetBatchSize":200,"assignmentRuleId":"-1","assignmentRuleType":"None","createSuccessFile":false,"bulkApiHardDelete":false,"srcRuntimeAttrs":{"@type":"taskRuntimeAttrs","attrs":{}},"tgtRuntimeAttrs":{"@type":"taskRuntimeAttrs","attrs":{}},"parameterFileEncoding":"UTF-8","sourceObjects":[{"@type":"mObject","name":"appropriation_char","label":"appropriation_char","metadataUpdated":false,"relations":[],"children":[]}],"advancedFilters":[{"@type":"advancedFilter","id":"74191","objectName":"appropriation_char","objectLabel":"appropriation_char","expression":"1 <> 1"}],"filters":[],"fieldMaps":[{"@type":"fieldMap","id":"24698326","targetField":{"@type":"field","id":67733869,"name":"title","type":"nstring","uniqueName":"title","label":"title","parentObject":"Test_SWTitles.txt","pcType":"UNISTRING","precision":40,"scale":0,"columnIndex":0,"isKey":false,"isExternalId":false,"isSfIdLookup":false,"isNullable":true,"isUnique":false,"isCreateable":false,"isUpdateable":true,"isFilterable":true,"isCalculated":false,"showLabel":false,"naturalOrder":0,"linkedFields":["title"],"relatedInfos":[],"references":[]},"expression":"title"}],"sourceFields":[{"@type":"field","id":67733872,"name":"fy_biennium","type":"char","uniqueName":"fy_biennium","label":"fy_biennium","parentObject":"appropriation_char","pcType":"STRING","precision":4,"scale":0,"columnIndex":0,"isKey":false,"isExternalId":false,"isSfIdLookup":false,"isNullable":false,"isUnique":true,"isCreateable":false,"isUpdateable":true,"isFilterable":true,"isCalculated":false,"showLabel":false,"naturalOrder":0,"linkedFields":[],"relatedInfos":[],"references":[]},{"@type":"field","id":67733875,"name":"approp_char","type":"char","uniqueName":"approp_char","label":"approp_char","parentObject":"appropriation_char","pcType":"STRING","precision":1,"scale":0,"columnIndex":1,"isKey":false,"isExternalId":false,"isSfIdLookup":false,"isNullable":false,"isUnique":true,"isCreateable":false,"isUpdateable":true,"isFilterable":true,"isCalculated":false,"showLabel":false,"naturalOrder":1,"linkedFields":[],"relatedInfos":[],"references":[]},{"@type":"field","id":67733878,"name":"title","type":"varchar","uniqueName":"title","label":"title","parentObject":"appropriation_char","pcType":"STRING","precision":40,"scale":0,"columnIndex":2,"isKey":false,"isExternalId":false,"isSfIdLookup":false,"isNullable":false,"isUnique":false,"isCreateable":false,"isUpdateable":true,"isFilterable":true,"isCalculated":false,"showLabel":false,"naturalOrder":2,"linkedFields":["title"],"relatedInfos":[],"references":[]},{"@type":"field","id":67733881,"name":"last_process_date","type":"char","uniqueName":"last_process_date","label":"last_process_date","parentObject":"appropriation_char","pcType":"STRING","precision":8,"scale":0,"columnIndex":3,"isKey":false,"isExternalId":false,"isSfIdLookup":false,"isNullable":false,"isUnique":false,"isCreateable":false,"isUpdateable":true,"isFilterable":true,"isCalculated":false,"showLabel":false,"naturalOrder":3,"linkedFields":[],"relatedInfos":[],"references":[]}],"sortFields":[],"groupFields":[]}]