[{"@type":"connection","id":"@1","name":"statewide_titles","runtimeEnvironmentId":"@6dKHc1uY0vOk9iOoP3L84v","instanceDisplayName":"SqlServer","host":"enadbbledv01","database":"statewide_titles","codepage":"MS1252","authenticationType":"Windows","adjustedJdbcHostName":"enadbbledv01","schema":"dbo","type":"SqlServer2016","port":1433,"majorUpdateTime":"2020-01-08T18:43:57.000Z","timeout":60,"connParams":{"agentId":"010YZQ08000000000003","CryptoProtocolVersion":"TLSv1","agentGroupId":"010YZQ25000000000003","AUTHENTICATION_TYPE":"Windows","encryptionMethod":"None","orgId":"010YZQ","ValidateServerCertificate":"False"},"internal":false,"federatedId":"1wFs4LGpbpJlBRZyWaBOGI","retryNetworkError":false}]