[{"@type":"mtTask","id":"@1","name":"mt_AgencyInboundTrans","description":"","runtimeEnvironmentId":"@6dKHc1uY0vOk9iOoP3L84v","maxLogs":10,"verbose":false,"lastRunTime":1599255564000,"mappingId":"@61xubfulSqsids5wSODYol","shortDescription":"","sessionProperties":{},"enableCrossSchemaPushdown":true,"autoTunedApplied":false,"paramFileType":"PARAM_FILE_LOCAL","parameterFileEncoding":"UTF-8","parameters":[{"@type":"mtTaskParameter","id":75143629,"name":"$Source$","type":"EXTENDED_SOURCE","label":"Source","uiProperties":{"connectionParameterized":"false","isMsrcFilterParameterized":"false","isMsrcSortParameterized":"false","objlabel":"in_SourceName","objectParameterized":"true","objDesc":""},"sourceConnectionId":"@9NcMtsv8hGdbCESxIBQMYC","newFlatFile":false,"newObject":false,"showBusinessNames":true,"naturalOrder":true,"truncateTarget":false,"bulkApiDBTarget":false,"srcFFAttrs":{"@type":"flatFileAttrs","id":14147680,"delimiter":",","textQualifier":"\"","escapeChar":"","headerLineNo":1,"firstDataRow":2,"fwConfigId":"@9PBBF83RnxbbTYxJ6trygB"},"customFuncCfg":{"@type":"customFuncConfig","id":-1,"connections":[],"inputMap":[],"outputFields":[]},"tgtFieldRefs":{},"targetUpdateColumns":[],"extendedObject":{"@type":"extendedObject","object":{"@type":"mObject","name":"sample_source_DONOTDELETE","label":"sample_source_DONOTDELETE","metadataUpdated":false,"relations":[],"children":[]},"filters":[],"sortFields":[]},"runtimeAttrs":{},"isRESTModernSource":true,"isFileList":false,"handleSpecialChars":false,"frsAsset":false,"dynamicFileName":false,"tgtObjectAttributes":{},"runtimeParameterData":{"@type":"mtTaskRuntimeParameterData","isConnectionRuntimeParameter":false,"isObjectRuntimeParameter":false,"objectParameterName":"in_SourceName"},"overriddenFields":[]},{"@type":"mtTaskParameter","id":75143632,"name":"$Target$","type":"TARGET","label":"Target","uiProperties":{"connectionParameterized":"false","objlabel":"in_TargetName","objectParameterized":"true","objDesc":"","defaultTargetUpdateColumns":"","noCreateTarget":"true"},"targetConnectionId":"@jRR7p2sBeGabZYz1sCzSOP","targetObject":"sample_target_DONOTDELETE","targetObjectLabel":"sample_target_DONOTDELETE","newFlatFile":false,"newObject":false,"showBusinessNames":true,"naturalOrder":true,"truncateTarget":false,"bulkApiDBTarget":false,"operationType":"Insert","tgtFFAttrs":{"@type":"flatFileAttrs","id":14147683,"delimiter":",","textQualifier":"none","escapeChar":"","headerLineNo":1,"fwConfigId":"@9PBBF83RnxbbTYxJ6trygB"},"customFuncCfg":{"@type":"customFuncConfig","id":-1,"connections":[],"inputMap":[],"outputFields":[]},"tgtFieldRefs":{},"targetUpdateColumns":[],"extendedObject":{"@type":"extendedObject","filters":[],"sortFields":[]},"runtimeAttrs":{},"isRESTModernSource":true,"isFileList":false,"handleSpecialChars":false,"frsAsset":false,"dynamicFileName":false,"tgtObjectAttributes":{},"runtimeParameterData":{"@type":"mtTaskRuntimeParameterData","isConnectionRuntimeParameter":false,"isObjectRuntimeParameter":false,"objectParameterName":"in_TargetName"},"overriddenFields":[]}],"sequences":[],"inOutParameters":[],"connRuntimeAttrs":[]}]