[{"@type":"connection","id":"@1","name":"TempConversion_ws","runtimeEnvironmentId":"@6dKHc1uY0vOk9iOoP3L84v","instanceName":"WSConsumer","instanceDisplayName":"WSConsumer","type":"TOOLKIT","port":0,"majorUpdateTime":"2020-01-08T18:43:30.000Z","timeout":60,"connParams":{"WSDL URL":"https://www.w3schools.com/xml/tempconvert.asmx?wsdl","mode":"UPDATE","agentId":"010YZQ08000000000003","agentGroupId":"010YZQ25000000000003","HTTP Password":"********","Endpoint URL":"https://www.w3schools.com/xml/tempconvert.asmx","connectionTypes":"NOAUTH","orgId":"010YZQ"}}]