[{"@type":"connection","id":"@1","name":"SFT_OFMAFRS_INTG105_inbound","description":"SFT connection to the AFRS SFT folder structure","runtimeEnvironmentId":"@6dKHc1uY0vOk9iOoP3L84v","instanceName":"Advanced SFTP V2","instanceDisplayName":"Advanced SFTP V2","shortDescription":"SFT connection to the AFRS SFT folder structure","type":"TOOLKIT_CCI","port":0,"majorUpdateTime":"2020-09-10T12:20:58.000Z","timeout":60,"connParams":{"agentId":"010YZQ08000000000003","agentGroupId":"010YZQ25000000000003","connectionRetryInterval":"","connectionRetryAttempts":"","timeout":"120","CCM_CONN_PRESENTATION":"{\"type\":\"TOOLKIT_CCI\",\"instanceName\":\"Advanced SFTP V2\",\"groups\":[{\"groups\":[{\"groups\":[],\"attributes\":[{\"name\":\"agentGroupId\",\"displayName\":\"conn_agent_group\",\"tooltip\":\"conn_agent_group_help\",\"type\":\"AGENTGROUP\",\"maxLength\":0,\"mandatory\":true,\"disabled\":false,\"hidden\":false,\"hasDependentAttributes\":false,\"connectionParam\":false,\"encrypted\":false,\"isNative\":false,\"attrId\":0,\"deprecated\":false}],\"title\":\"Advanced SFTP V2 Properties\",\"enableDocHelp\":true,\"collapse\":false},{\"groups\":[],\"attributes\":[{\"name\":\"host\",\"displayName\":\"Host:\",\"defaultValue\":\"\",\"type\":\"STRING\",\"maxLength\":0,\"mandatory\":true,\"disabled\":false,\"hidden\":false,\"hasDependentAttributes\":false,\"connectionParam\":false,\"encrypted\":false,\"isNative\":false,\"attrId\":0,\"deprecated\":false},{\"name\":\"port\",\"displayName\":\"Port:\",\"defaultValue\":\"22\",\"type\":\"INTEGER\",\"maxLength\":0,\"mandatory\":false,\"disabled\":false,\"hidden\":false,\"hasDependentAttributes\":false,\"connectionParam\":false,\"encrypted\":false,\"isNative\":false,\"attrId\":0,\"deprecated\":false},{\"name\":\"username\",\"displayName\":\"Username:\",\"defaultValue\":\"\",\"type\":\"STRING\",\"maxLength\":0,\"mandatory\":false,\"disabled\":false,\"hidden\":false,\"hasDependentAttributes\":false,\"connectionParam\":false,\"encrypted\":false,\"isNative\":false,\"attrId\":0,\"deprecated\":false},{\"name\":\"password\",\"displayName\":\"Password:\",\"defaultValue\":\"\",\"type\":\"PASSWORD\",\"maxLength\":0,\"mandatory\":false,\"disabled\":false,\"hidden\":false,\"hasDependentAttributes\":false,\"connectionParam\":false,\"encrypted\":true,\"isNative\":false,\"attrId\":0,\"deprecated\":false},{\"name\":\"timeout\",\"displayName\":\"Timeout:\",\"defaultValue\":\"120\",\"type\":\"STRING\",\"maxLength\":0,\"mandatory\":false,\"disabled\":false,\"hidden\":false,\"hasDependentAttributes\":false,\"connectionParam\":false,\"encrypted\":false,\"isNative\":false,\"attrId\":0,\"deprecated\":false},{\"name\":\"connectionRetryAttempts\",\"displayName\":\"Connection Retry Attempts:\",\"defaultValue\":\"\",\"type\":\"STRING\",\"maxLength\":0,\"mandatory\":false,\"disabled\":false,\"hidden\":false,\"hasDependentAttributes\":false,\"connectionParam\":false,\"encrypted\":false,\"isNative\":false,\"attrId\":0,\"deprecated\":false},{\"name\":\"connectionRetryInterval\",\"displayName\":\"Connection Retry Interval:\",\"defaultValue\":\"\",\"type\":\"STRING\",\"maxLength\":0,\"mandatory\":false,\"disabled\":false,\"hidden\":false,\"hasDependentAttributes\":false,\"connectionParam\":false,\"encrypted\":false,\"isNative\":false,\"attrId\":0,\"deprecated\":false},{\"name\":\"folderPath\",\"displayName\":\"Folder Path:\",\"defaultValue\":\"/\",\"type\":\"STRING\",\"maxLength\":0,\"mandatory\":false,\"disabled\":false,\"hidden\":false,\"hasDependentAttributes\":false,\"connectionParam\":false,\"encrypted\":false,\"isNative\":false,\"attrId\":0,\"deprecated\":false},{\"name\":\"privateKeyFile\",\"displayName\":\"Private Key File:\",\"tooltip\":\"The location of the file containing the SSH private key. \",\"defaultValue\":\"\",\"type\":\"STRING\",\"maxLength\":0,\"mandatory\":false,\"disabled\":false,\"hidden\":false,\"hasDependentAttributes\":false,\"connectionParam\":false,\"encrypted\":false,\"isNative\":false,\"attrId\":0,\"deprecated\":false},{\"name\":\"privateKeyPassword\",\"displayName\":\"Private Key Passphrase:\",\"tooltip\":\"The password to use for accessing the Private Key File.\",\"defaultValue\":\"\",\"type\":\"PASSWORD\",\"maxLength\":0,\"mandatory\":false,\"disabled\":false,\"hidden\":false,\"hasDependentAttributes\":false,\"connectionParam\":false,\"encrypted\":true,\"isNative\":false,\"attrId\":0,\"deprecated\":false}],\"type\":\"GROUP\",\"title\":\"Advanced SFTP Connection Properties\",\"enableDocHelp\":false,\"collapse\":false}],\"attributes\":[],\"type\":\"PAGE\",\"title\":\"Connection Page\",\"enableDocHelp\":false,\"collapse\":false}],\"attributes\":[]}","orgId":"010YZQ","folderPath":"/OFM/INTG/INBOUND","password":"********","privateKeyFile":"","privateKeyPassword":"********","port":"22","host":"sft-test.wa.gov","username":"ofmafrs-intg105"},"internal":false,"federatedId":"80NFCOgcAM6dBQsljzEaSO","retryNetworkError":false}]