[{"@type":"mappingTemplate","id":"@1","name":"m_FPMTTrans","description":"","bundleVersion":"0","templateId":"@3","deployTime":1577832235000,"hasParameters":false,"valid":true,"fixedConnection":true,"hasParametersDeployed":false,"fixedConnectionDeployed":true,"tasks":1,"mappingPreviewFileRecordId":"@2","documentType":"","references":[{"@type":"reference","refObjectId":"@0XDVH8oqa7Ue0haolkhGCg","refType":"connection"},{"@type":"reference","refObjectId":"@gWgZ5LwPngOliJyLqp6kyt","refType":"connection"}]}]