[{"@type":"mappingTemplate","id":"@1","name":"m_EIStaging_950TransandHeader","description":"This mapping will load 950 formatted data to fixed width file","bundleVersion":"0","templateId":"@3","deployTime":1582842862000,"hasParameters":false,"valid":true,"fixedConnection":true,"hasParametersDeployed":false,"fixedConnectionDeployed":true,"tasks":0,"mappingPreviewFileRecordId":"@2","documentType":"","references":[{"@type":"reference","refObjectId":"@gWgZ5LwPngOliJyLqp6kyt","refType":"connection"},{"@type":"reference","refObjectId":"@igSHbcxEGyxgfA92TV47IQ","refType":"connection"},{"@type":"reference","refObjectId":"@a8bdiBRmQzKcGa8qGplhAA","refType":"fwConfig"}]}]