[{"@type":"fileRecord","id":"@6","name":"response","type":"XSD","size":5315,"attachTime":1579730970000},{"@type":"fileRecord","id":"@5","name":"request","type":"XSD","size":5270,"attachTime":1579730970000},{"@type":"fileRecord","id":"@4","name":"metadata","type":"JSON","size":5118,"attachTime":1579730970000},{"@type":"fileRecord","id":"@2","name":"extension","type":"XML","size":33181,"attachTime":1579730970000},{"@type":"fileRecord","id":"@3","name":"fault","type":"XSD","size":21112,"attachTime":1579730970000}]