[{"@type":"fileRecord","id":"@2","name":"extension","type":"XML","size":69340,"attachTime":1576081709000},{"@type":"fileRecord","id":"@3","name":"fault","type":"XSD","size":21304,"attachTime":1576081709000},{"@type":"fileRecord","id":"@6","name":"response","type":"XSD","size":14919,"attachTime":1576081709000},{"@type":"fileRecord","id":"@5","name":"request","type":"XSD","size":30882,"attachTime":1576081709000},{"@type":"fileRecord","id":"@4","name":"metadata","type":"JSON","size":46350,"attachTime":1576081709000}]