[{"@type":"mappingTemplate","id":"@1","name":"m_GovDelivery_to_API - Copy 1","description":"","bundleVersion":"0","templateId":"@3","deployTime":1577399800000,"hasParameters":false,"valid":true,"fixedConnection":true,"hasParametersDeployed":false,"fixedConnectionDeployed":true,"tasks":0,"mappingPreviewFileRecordId":"@2","documentType":"","references":[{"@type":"reference","refObjectId":"@3b5V5vL0mk0c8iIINV5OKw","refType":"businessService"},{"@type":"reference","refObjectId":"@k7EqXrN93cUghGAqc9gBQM","refType":"connection"},{"@type":"reference","refObjectId":"@aGmorERMxqkeKANHBgNTih","refType":"connection"}]}]