[{"@type":"fwConfig","id":"@1","name":"fw_950_key_then_record","description":"layout that chunks the key and then the record, no more granularity","lineSequential":true,"padBytes":0,"skipRows":0,"nullChar":"*","nullCharType":"ASCII","repeatNullChar":false,"stripTrailingBlank":false,"columns":[{"@type":"fwColumn","name":"Key","nativeType":"string","precision":22,"physicalLength":0,"scale":0},{"@type":"fwColumn","name":"Record","nativeType":"string","precision":928,"physicalLength":0,"scale":0}]}]