[{"@type":"dssTask","id":"@1","name":"Syn_CSV_EIStaging","description":"","successTaskEmail":{"@type":"taskEmail","id":277009,"emails":"Srithar.Kaliyaperumal@ofm.wa.gov","emailType":"SUCCESS"},"maxLogs":10,"sourceConnectionId":"@5qaRzlcJ8MfilY91WKTRWe","targetConnectionId":"@gWgZ5LwPngOliJyLqp6kyt","targetObject":"ZZ_Facilities","targetObjectLabel":"ZZ_Facilities","operation":"Insert","maxRows":0,"truncateTarget":true,"bulkApiDBTarget":false,"verbose":false,"srcFlatFileAttrs":{"@type":"flatFileAttrs","id":6886978,"delimiter":",","textQualifier":"\"","escapeChar":"","headerLineNo":1,"firstDataRow":2},"targetMetadataUpdated":false,"modelVersion":"V3-R600","queryAll":false,"srcSettings":{"@type":"taskDataSourceSetting","isShowLabels":false,"isNaturalOrder":true},"tgtSettings":{"@type":"taskDataSourceSetting","isShowLabels":false,"isNaturalOrder":true},"cfSettings":{"@type":"taskDataSourceSetting","isShowLabels":false,"isNaturalOrder":false},"bulkApi":false,"bulkApiSerialMode":false,"bulkApiMonitor":false,"isTargetObjectSfCustom":false,"allowNullUpdates":false,"targetBatchSize":200,"assignmentRuleId":"-1","assignmentRuleType":"None","createSuccessFile":false,"bulkApiHardDelete":false,"srcRuntimeAttrs":{"@type":"taskRuntimeAttrs","attrs":{}},"tgtRuntimeAttrs":{"@type":"taskRuntimeAttrs","attrs":{}},"parameterFileEncoding":"UTF-8","sourceObjects":[{"@type":"mObject","name":"Facilities_Extract.csv","label":"Facilities_Extract.csv","metadataUpdated":false,"relations":[],"children":[]}],"advancedFilters":[{"@type":"advancedFilter","id":"41539","objectName":"Facilities_Extract.csv","objectLabel":"Facilities_Extract.csv","expression":"_PersonnelArea='3012'"}],"filters":[],"fieldMaps":[{"@type":"fieldMap","id":"13150279","targetField":{"@type":"field","id":36264712,"name":"PersonnelArea","type":"varchar","uniqueName":"PersonnelArea","label":"PersonnelArea","parentObject":"ZZ_Facilities","pcType":"STRING","precision":5,"scale":0,"columnIndex":0,"isKey":false,"isExternalId":false,"isSfIdLookup":false,"isNullable":true,"isUnique":false,"isCreateable":false,"isUpdateable":true,"isFilterable":true,"isCalculated":false,"showLabel":false,"naturalOrder":0,"linkedFields":["_PersonnelArea"],"relatedInfos":[],"references":[]},"expression":"_PersonnelArea"},{"@type":"fieldMap","id":"13150282","targetField":{"@type":"field","id":36264715,"name":"EmployeeSubgroup","type":"varchar","uniqueName":"EmployeeSubgroup","label":"EmployeeSubgroup","parentObject":"ZZ_Facilities","pcType":"STRING","precision":3,"scale":0,"columnIndex":1,"isKey":false,"isExternalId":false,"isSfIdLookup":false,"isNullable":true,"isUnique":false,"isCreateable":false,"isUpdateable":true,"isFilterable":true,"isCalculated":false,"showLabel":false,"naturalOrder":1,"linkedFields":["EmployeeSubgroup"],"relatedInfos":[],"references":[]},"expression":"EmployeeSubgroup"},{"@type":"fieldMap","id":"13150285","targetField":{"@type":"field","id":36264718,"name":"PersonnelNumber","type":"varchar","uniqueName":"PersonnelNumber","label":"PersonnelNumber","parentObject":"ZZ_Facilities","pcType":"STRING","precision":8,"scale":0,"columnIndex":2,"isKey":false,"isExternalId":false,"isSfIdLookup":false,"isNullable":true,"isUnique":false,"isCreateable":false,"isUpdateable":true,"isFilterable":true,"isCalculated":false,"showLabel":false,"naturalOrder":2,"linkedFields":["PersonnelNumber"],"relatedInfos":[],"references":[]},"expression":"PersonnelNumber"},{"@type":"fieldMap","id":"13150288","targetField":{"@type":"field","id":36264721,"name":"EmployeeName","type":"varchar","uniqueName":"EmployeeName","label":"EmployeeName","parentObject":"ZZ_Facilities","pcType":"STRING","precision":100,"scale":0,"columnIndex":3,"isKey":false,"isExternalId":false,"isSfIdLookup":false,"isNullable":true,"isUnique":false,"isCreateable":false,"isUpdateable":true,"isFilterable":true,"isCalculated":false,"showLabel":false,"naturalOrder":3,"linkedFields":["EmployeeName"],"relatedInfos":[],"references":[]},"expression":"EmployeeName"},{"@type":"fieldMap","id":"13150291","targetField":{"@type":"field","id":36264724,"name":"ActionStartDate","type":"varchar","uniqueName":"ActionStartDate","label":"ActionStartDate","parentObject":"ZZ_Facilities","pcType":"STRING","precision":10,"scale":0,"columnIndex":4,"isKey":false,"isExternalId":false,"isSfIdLookup":false,"isNullable":true,"isUnique":false,"isCreateable":false,"isUpdateable":true,"isFilterable":true,"isCalculated":false,"showLabel":false,"naturalOrder":4,"linkedFields":["ActionStartDate"],"relatedInfos":[],"references":[]},"expression":"ActionStartDate"},{"@type":"fieldMap","id":"13150294","targetField":{"@type":"field","id":36264727,"name":"ActionType","type":"varchar","uniqueName":"ActionType","label":"ActionType","parentObject":"ZZ_Facilities","pcType":"STRING","precision":4,"scale":0,"columnIndex":5,"isKey":false,"isExternalId":false,"isSfIdLookup":false,"isNullable":true,"isUnique":false,"isCreateable":false,"isUpdateable":true,"isFilterable":true,"isCalculated":false,"showLabel":false,"naturalOrder":5,"linkedFields":["ActionType"],"relatedInfos":[],"references":[]},"expression":"ActionType"},{"@type":"fieldMap","id":"13150297","targetField":{"@type":"field","id":36264730,"name":"ActionReason","type":"varchar","uniqueName":"ActionReason","label":"ActionReason","parentObject":"ZZ_Facilities","pcType":"STRING","precision":25,"scale":0,"columnIndex":6,"isKey":false,"isExternalId":false,"isSfIdLookup":false,"isNullable":true,"isUnique":false,"isCreateable":false,"isUpdateable":true,"isFilterable":true,"isCalculated":false,"showLabel":false,"naturalOrder":6,"linkedFields":["ActionReason"],"relatedInfos":[],"references":[]},"expression":"ActionReason"},{"@type":"fieldMap","id":"13150300","targetField":{"@type":"field","id":36264733,"name":"EmploymentStatus","type":"varchar","uniqueName":"EmploymentStatus","label":"EmploymentStatus","parentObject":"ZZ_Facilities","pcType":"STRING","precision":12,"scale":0,"columnIndex":7,"isKey":false,"isExternalId":false,"isSfIdLookup":false,"isNullable":true,"isUnique":false,"isCreateable":false,"isUpdateable":true,"isFilterable":true,"isCalculated":false,"showLabel":false,"naturalOrder":7,"linkedFields":["EmploymentStatus"],"relatedInfos":[],"references":[]},"expression":"EmploymentStatus"},{"@type":"fieldMap","id":"13150303","targetField":{"@type":"field","id":36264736,"name":"PositionStartDate","type":"varchar","uniqueName":"PositionStartDate","label":"PositionStartDate","parentObject":"ZZ_Facilities","pcType":"STRING","precision":10,"scale":0,"columnIndex":8,"isKey":false,"isExternalId":false,"isSfIdLookup":false,"isNullable":true,"isUnique":false,"isCreateable":false,"isUpdateable":true,"isFilterable":true,"isCalculated":false,"showLabel":false,"naturalOrder":8,"linkedFields":["PositionStartDate"],"relatedInfos":[],"references":[]},"expression":"PositionStartDate"},{"@type":"fieldMap","id":"13150306","targetField":{"@type":"field","id":36264739,"name":"JobTitle","type":"varchar","uniqueName":"JobTitle","label":"JobTitle","parentObject":"ZZ_Facilities","pcType":"STRING","precision":100,"scale":0,"columnIndex":9,"isKey":false,"isExternalId":false,"isSfIdLookup":false,"isNullable":true,"isUnique":false,"isCreateable":false,"isUpdateable":true,"isFilterable":true,"isCalculated":false,"showLabel":false,"naturalOrder":9,"linkedFields":["JobTitle"],"relatedInfos":[],"references":[]},"expression":"JobTitle"},{"@type":"fieldMap","id":"13150309","targetField":{"@type":"field","id":36264742,"name":"AnniversaryDate","type":"varchar","uniqueName":"AnniversaryDate","label":"AnniversaryDate","parentObject":"ZZ_Facilities","pcType":"STRING","precision":10,"scale":0,"columnIndex":10,"isKey":false,"isExternalId":false,"isSfIdLookup":false,"isNullable":true,"isUnique":false,"isCreateable":false,"isUpdateable":true,"isFilterable":true,"isCalculated":false,"showLabel":false,"naturalOrder":10,"linkedFields":["AnniversaryDate"],"relatedInfos":[],"references":[]},"expression":"AnniversaryDate"},{"@type":"fieldMap","id":"13150312","targetField":{"@type":"field","id":36264745,"name":"OriginalHireDate","type":"varchar","uniqueName":"OriginalHireDate","label":"OriginalHireDate","parentObject":"ZZ_Facilities","pcType":"STRING","precision":10,"scale":0,"columnIndex":11,"isKey":false,"isExternalId":false,"isSfIdLookup":false,"isNullable":true,"isUnique":false,"isCreateable":false,"isUpdateable":true,"isFilterable":true,"isCalculated":false,"showLabel":false,"naturalOrder":11,"linkedFields":["OriginalHireDate"],"relatedInfos":[],"references":[]},"expression":"OriginalHireDate"},{"@type":"fieldMap","id":"13150315","targetField":{"@type":"field","id":36264748,"name":"SeparationDate","type":"varchar","uniqueName":"SeparationDate","label":"SeparationDate","parentObject":"ZZ_Facilities","pcType":"STRING","precision":10,"scale":0,"columnIndex":12,"isKey":false,"isExternalId":false,"isSfIdLookup":false,"isNullable":true,"isUnique":false,"isCreateable":false,"isUpdateable":true,"isFilterable":true,"isCalculated":false,"showLabel":false,"naturalOrder":12,"linkedFields":["SeparationDate"],"relatedInfos":[],"references":[]},"expression":"SeparationDate"}],"sourceFields":[{"@type":"field","id":36264751,"name":"_PersonnelArea","type":"nstring","uniqueName":"_PersonnelArea","label":"_PersonnelArea","parentObject":"Facilities_Extract.csv","pcType":"UNISTRING","precision":5,"scale":0,"columnIndex":0,"isKey":false,"isExternalId":false,"isSfIdLookup":false,"isNullable":true,"isUnique":false,"isCreateable":false,"isUpdateable":true,"isFilterable":true,"isCalculated":false,"showLabel":false,"naturalOrder":0,"linkedFields":["PersonnelArea"],"relatedInfos":[],"references":[]},{"@type":"field","id":36264754,"name":"EmployeeSubgroup","type":"nstring","uniqueName":"EmployeeSubgroup","label":"EmployeeSubgroup","parentObject":"Facilities_Extract.csv","pcType":"UNISTRING","precision":3,"scale":0,"columnIndex":1,"isKey":false,"isExternalId":false,"isSfIdLookup":false,"isNullable":true,"isUnique":false,"isCreateable":false,"isUpdateable":true,"isFilterable":true,"isCalculated":false,"showLabel":false,"naturalOrder":0,"linkedFields":["EmployeeSubgroup"],"relatedInfos":[],"references":[]},{"@type":"field","id":36264757,"name":"PersonnelNumber","type":"nstring","uniqueName":"PersonnelNumber","label":"PersonnelNumber","parentObject":"Facilities_Extract.csv","pcType":"UNISTRING","precision":8,"scale":0,"columnIndex":2,"isKey":false,"isExternalId":false,"isSfIdLookup":false,"isNullable":true,"isUnique":false,"isCreateable":false,"isUpdateable":true,"isFilterable":true,"isCalculated":false,"showLabel":false,"naturalOrder":0,"linkedFields":["PersonnelNumber"],"relatedInfos":[],"references":[]},{"@type":"field","id":36264760,"name":"ActionStartDate","type":"nstring","uniqueName":"ActionStartDate","label":"ActionStartDate","parentObject":"Facilities_Extract.csv","pcType":"UNISTRING","precision":10,"scale":0,"columnIndex":3,"isKey":false,"isExternalId":false,"isSfIdLookup":false,"isNullable":true,"isUnique":false,"isCreateable":false,"isUpdateable":true,"isFilterable":true,"isCalculated":false,"showLabel":false,"naturalOrder":0,"linkedFields":["ActionStartDate"],"relatedInfos":[],"references":[]},{"@type":"field","id":36264763,"name":"ActionType","type":"nstring","uniqueName":"ActionType","label":"ActionType","parentObject":"Facilities_Extract.csv","pcType":"UNISTRING","precision":4,"scale":0,"columnIndex":4,"isKey":false,"isExternalId":false,"isSfIdLookup":false,"isNullable":true,"isUnique":false,"isCreateable":false,"isUpdateable":true,"isFilterable":true,"isCalculated":false,"showLabel":false,"naturalOrder":0,"linkedFields":["ActionType"],"relatedInfos":[],"references":[]},{"@type":"field","id":36264766,"name":"ActionReason","type":"nstring","uniqueName":"ActionReason","label":"ActionReason","parentObject":"Facilities_Extract.csv","pcType":"UNISTRING","precision":25,"scale":0,"columnIndex":5,"isKey":false,"isExternalId":false,"isSfIdLookup":false,"isNullable":true,"isUnique":false,"isCreateable":false,"isUpdateable":true,"isFilterable":true,"isCalculated":false,"showLabel":false,"naturalOrder":0,"linkedFields":["ActionReason"],"relatedInfos":[],"references":[]},{"@type":"field","id":36264769,"name":"EmploymentStatus","type":"nstring","uniqueName":"EmploymentStatus","label":"EmploymentStatus","parentObject":"Facilities_Extract.csv","pcType":"UNISTRING","precision":12,"scale":0,"columnIndex":6,"isKey":false,"isExternalId":false,"isSfIdLookup":false,"isNullable":true,"isUnique":false,"isCreateable":false,"isUpdateable":true,"isFilterable":true,"isCalculated":false,"showLabel":false,"naturalOrder":0,"linkedFields":["EmploymentStatus"],"relatedInfos":[],"references":[]},{"@type":"field","id":36264772,"name":"PositionStartDate","type":"nstring","uniqueName":"PositionStartDate","label":"PositionStartDate","parentObject":"Facilities_Extract.csv","pcType":"UNISTRING","precision":10,"scale":0,"columnIndex":7,"isKey":false,"isExternalId":false,"isSfIdLookup":false,"isNullable":true,"isUnique":false,"isCreateable":false,"isUpdateable":true,"isFilterable":true,"isCalculated":false,"showLabel":false,"naturalOrder":0,"linkedFields":["PositionStartDate"],"relatedInfos":[],"references":[]},{"@type":"field","id":36264775,"name":"JobTitle","type":"nstring","uniqueName":"JobTitle","label":"JobTitle","parentObject":"Facilities_Extract.csv","pcType":"UNISTRING","precision":100,"scale":0,"columnIndex":8,"isKey":false,"isExternalId":false,"isSfIdLookup":false,"isNullable":true,"isUnique":false,"isCreateable":false,"isUpdateable":true,"isFilterable":true,"isCalculated":false,"showLabel":false,"naturalOrder":0,"linkedFields":["JobTitle"],"relatedInfos":[],"references":[]},{"@type":"field","id":36264778,"name":"AnniversaryDate","type":"nstring","uniqueName":"AnniversaryDate","label":"AnniversaryDate","parentObject":"Facilities_Extract.csv","pcType":"UNISTRING","precision":10,"scale":0,"columnIndex":9,"isKey":false,"isExternalId":false,"isSfIdLookup":false,"isNullable":true,"isUnique":false,"isCreateable":false,"isUpdateable":true,"isFilterable":true,"isCalculated":false,"showLabel":false,"naturalOrder":0,"linkedFields":["AnniversaryDate"],"relatedInfos":[],"references":[]},{"@type":"field","id":36264781,"name":"OriginalHireDate","type":"nstring","uniqueName":"OriginalHireDate","label":"OriginalHireDate","parentObject":"Facilities_Extract.csv","pcType":"UNISTRING","precision":10,"scale":0,"columnIndex":10,"isKey":false,"isExternalId":false,"isSfIdLookup":false,"isNullable":true,"isUnique":false,"isCreateable":false,"isUpdateable":true,"isFilterable":true,"isCalculated":false,"showLabel":false,"naturalOrder":0,"linkedFields":["OriginalHireDate"],"relatedInfos":[],"references":[]},{"@type":"field","id":36264784,"name":"SeparationDate","type":"nstring","uniqueName":"SeparationDate","label":"SeparationDate","parentObject":"Facilities_Extract.csv","pcType":"UNISTRING","precision":10,"scale":0,"columnIndex":11,"isKey":false,"isExternalId":false,"isSfIdLookup":false,"isNullable":true,"isUnique":false,"isCreateable":false,"isUpdateable":true,"isFilterable":true,"isCalculated":false,"showLabel":false,"naturalOrder":0,"linkedFields":["SeparationDate"],"relatedInfos":[],"references":[]},{"@type":"field","id":36264787,"name":"EmployeeName","type":"nstring","uniqueName":"EmployeeName","label":"EmployeeName","parentObject":"Facilities_Extract.csv","pcType":"UNISTRING","precision":100,"scale":0,"columnIndex":12,"isKey":false,"isExternalId":false,"isSfIdLookup":false,"isNullable":true,"isUnique":false,"isCreateable":false,"isUpdateable":true,"isFilterable":true,"isCalculated":false,"showLabel":false,"naturalOrder":0,"linkedFields":["EmployeeName"],"relatedInfos":[],"references":[]}],"sortFields":[],"groupFields":[]}]