[{"@type":"connection","id":"@1","name":"FPMT","runtimeEnvironmentId":"@6dKHc1uY0vOk9iOoP3L84v","instanceDisplayName":"SqlServer","host":"ENADBACCDV01","database":"AFRSTransactionMapping","codepage":"MS1252","authenticationType":"Windows","adjustedJdbcHostName":"ENADBACCDV01","schema":"dbo","type":"SqlServer2017","port":1433,"majorUpdateTime":"2020-01-08T18:34:29.000Z","timeout":60,"connParams":{"agentId":"010YZQ08000000000003","CryptoProtocolVersion":"TLSv1","agentGroupId":"010YZQ25000000000003","AUTHENTICATION_TYPE":"Windows","encryptionMethod":"None","orgId":"010YZQ","ValidateServerCertificate":"False"},"internal":false,"federatedId":"0XDVH8oqa7Ue0haolkhGCg","retryNetworkError":false}]