[{"@type":"mtTask","id":"@1","name":"mt_EIStaging_950","description":"Mapping task will load 950 formatted data","runtimeEnvironmentId":"@6dKHc1uY0vOk9iOoP3L84v","maxLogs":10,"verbose":true,"lastRunTime":1585585766000,"mappingId":"@hdXB5Rto9AZi0koRH3vwcJ","shortDescription":"Mapping task will load 950 formatted data","sessionProperties":{},"enableCrossSchemaPushdown":true,"parameters":[{"@type":"mtTaskParameter","id":52237894,"name":"$s_EIStaging$","type":"EXTENDED_SOURCE","label":"s_EIStaging","uiProperties":{"connectionParameterized":"false","isMsrcFilterParameterized":"false","isMsrcSortParameterized":"false","objectParameterized":"false","visible":"false"},"sourceConnectionId":"@gWgZ5LwPngOliJyLqp6kyt","newFlatFile":false,"newObject":false,"showBusinessNames":false,"naturalOrder":true,"truncateTarget":false,"bulkApiDBTarget":false,"customFuncCfg":{"@type":"customFuncConfig","id":-1,"connections":[],"inputMap":[],"outputFields":[]},"tgtFieldRefs":{},"targetUpdateColumns":[],"extendedObject":{"@type":"extendedObject","object":{"@type":"mObject","name":"FPMT_AFRS950","label":"FPMT_AFRS950","metadataUpdated":false,"relations":[],"children":[]},"advancedFilterExpression":"FPMT_AFRS950.BatchStatus IS NULL","filters":[],"sortFields":[]},"runtimeAttrs":{},"isRESTModernSource":true,"isFileList":false,"handleSpecialChars":false,"frsAsset":false,"tgtObjectAttributes":{},"runtimeParameterData":{"@type":"mtTaskRuntimeParameterData","isConnectionRuntimeParameter":false,"isObjectRuntimeParameter":false},"overriddenFields":[]},{"@type":"mtTaskParameter","id":52237897,"name":"$t_file$","type":"TARGET","label":"t_file","uiProperties":{"connectionParameterized":"false","objectParameterized":"false","visible":"false","defaultTargetUpdateColumns":""},"targetConnectionId":"@k7EqXrN93cUghGAqc9gBQM","targetObject":"950FPMT","targetObjectLabel":"950FPMT","newFlatFile":false,"newObject":false,"showBusinessNames":false,"naturalOrder":true,"truncateTarget":false,"bulkApiDBTarget":false,"operationType":"Insert","tgtFFAttrs":{"@type":"flatFileAttrs","id":9605548,"delimiter":",","textQualifier":"\"","escapeChar":"","headerLineNo":1,"fwConfigId":"@a8bdiBRmQzKcGa8qGplhAA"},"customFuncCfg":{"@type":"customFuncConfig","id":-1,"connections":[],"inputMap":[],"outputFields":[]},"tgtFieldRefs":{},"targetUpdateColumns":[],"extendedObject":{"@type":"extendedObject","filters":[],"sortFields":[]},"runtimeAttrs":{},"isRESTModernSource":true,"isFileList":false,"handleSpecialChars":false,"frsAsset":false,"tgtObjectAttributes":{},"runtimeParameterData":{"@type":"mtTaskRuntimeParameterData","isConnectionRuntimeParameter":false,"isObjectRuntimeParameter":false},"overriddenFields":[]}],"sequences":[],"inOutParameters":[],"connRuntimeAttrs":[]}]