[{"@type":"dssTask","id":"@1","name":"Syn_Excel_Sr","description":"","maxLogs":10,"sourceConnectionId":"@9BwZ7KyVgO1iGdbPuV6By1","targetConnectionId":"@gWgZ5LwPngOliJyLqp6kyt","targetObject":"ZZ_Facilities","targetObjectLabel":"ZZ_Facilities","operation":"Insert","maxRows":0,"truncateTarget":false,"bulkApiDBTarget":false,"verbose":false,"targetMetadataUpdated":false,"modelVersion":"V3-R600","queryAll":false,"srcSettings":{"@type":"taskDataSourceSetting","isShowLabels":true,"isNaturalOrder":true},"tgtSettings":{"@type":"taskDataSourceSetting","isShowLabels":false,"isNaturalOrder":true},"cfSettings":{"@type":"taskDataSourceSetting","isShowLabels":false,"isNaturalOrder":false},"bulkApi":false,"bulkApiSerialMode":false,"bulkApiMonitor":false,"isTargetObjectSfCustom":false,"allowNullUpdates":false,"targetBatchSize":200,"assignmentRuleId":"-1","assignmentRuleType":"None","createSuccessFile":false,"bulkApiHardDelete":false,"srcRuntimeAttrs":{"@type":"taskRuntimeAttrs","attrs":{"RowLimit":"-1"}},"tgtRuntimeAttrs":{"@type":"taskRuntimeAttrs","attrs":{}},"parameterFileEncoding":"UTF-8","sourceObjects":[{"@type":"mObject","name":"Sheet1","label":"Emp_Test.Sheet1","metadataUpdated":false,"relations":[],"children":[]}],"advancedFilters":[],"filters":[],"fieldMaps":[{"@type":"fieldMap","id":"12711565","targetField":{"@type":"field","id":35209372,"name":"PersonnelArea","type":"varchar","uniqueName":"PersonnelArea","label":"PersonnelArea","parentObject":"ZZ_Facilities","pcType":"STRING","precision":5,"scale":0,"columnIndex":0,"isKey":false,"isExternalId":false,"isSfIdLookup":false,"isNullable":true,"isUnique":false,"isCreateable":false,"isUpdateable":true,"isFilterable":true,"isCalculated":false,"showLabel":false,"naturalOrder":0,"linkedFields":["PersonnelArea"],"relatedInfos":[],"references":[]},"expression":"PersonnelArea"},{"@type":"fieldMap","id":"12711568","targetField":{"@type":"field","id":35209375,"name":"EmployeeSubgroup","type":"varchar","uniqueName":"EmployeeSubgroup","label":"EmployeeSubgroup","parentObject":"ZZ_Facilities","pcType":"STRING","precision":3,"scale":0,"columnIndex":1,"isKey":false,"isExternalId":false,"isSfIdLookup":false,"isNullable":true,"isUnique":false,"isCreateable":false,"isUpdateable":true,"isFilterable":true,"isCalculated":false,"showLabel":false,"naturalOrder":1,"linkedFields":[],"relatedInfos":[],"references":[]}},{"@type":"fieldMap","id":"12711571","targetField":{"@type":"field","id":35209378,"name":"PersonnelNumber","type":"varchar","uniqueName":"PersonnelNumber","label":"PersonnelNumber","parentObject":"ZZ_Facilities","pcType":"STRING","precision":8,"scale":0,"columnIndex":2,"isKey":false,"isExternalId":false,"isSfIdLookup":false,"isNullable":true,"isUnique":false,"isCreateable":false,"isUpdateable":true,"isFilterable":true,"isCalculated":false,"showLabel":false,"naturalOrder":2,"linkedFields":["PersonnelNumber"],"relatedInfos":[],"references":[]},"expression":"PersonnelNumber"},{"@type":"fieldMap","id":"12711574","targetField":{"@type":"field","id":35209381,"name":"EmployeeName","type":"varchar","uniqueName":"EmployeeName","label":"EmployeeName","parentObject":"ZZ_Facilities","pcType":"STRING","precision":100,"scale":0,"columnIndex":3,"isKey":false,"isExternalId":false,"isSfIdLookup":false,"isNullable":true,"isUnique":false,"isCreateable":false,"isUpdateable":true,"isFilterable":true,"isCalculated":false,"showLabel":false,"naturalOrder":3,"linkedFields":["EmployeeName"],"relatedInfos":[],"references":[]},"expression":"EmployeeName"},{"@type":"fieldMap","id":"12711577","targetField":{"@type":"field","id":35209384,"name":"ActionStartDate","type":"varchar","uniqueName":"ActionStartDate","label":"ActionStartDate","parentObject":"ZZ_Facilities","pcType":"STRING","precision":10,"scale":0,"columnIndex":4,"isKey":false,"isExternalId":false,"isSfIdLookup":false,"isNullable":true,"isUnique":false,"isCreateable":false,"isUpdateable":true,"isFilterable":true,"isCalculated":false,"showLabel":false,"naturalOrder":4,"linkedFields":[],"relatedInfos":[],"references":[]}},{"@type":"fieldMap","id":"12711580","targetField":{"@type":"field","id":35209387,"name":"ActionType","type":"varchar","uniqueName":"ActionType","label":"ActionType","parentObject":"ZZ_Facilities","pcType":"STRING","precision":4,"scale":0,"columnIndex":5,"isKey":false,"isExternalId":false,"isSfIdLookup":false,"isNullable":true,"isUnique":false,"isCreateable":false,"isUpdateable":true,"isFilterable":true,"isCalculated":false,"showLabel":false,"naturalOrder":5,"linkedFields":[],"relatedInfos":[],"references":[]}},{"@type":"fieldMap","id":"12711583","targetField":{"@type":"field","id":35209390,"name":"ActionReason","type":"varchar","uniqueName":"ActionReason","label":"ActionReason","parentObject":"ZZ_Facilities","pcType":"STRING","precision":25,"scale":0,"columnIndex":6,"isKey":false,"isExternalId":false,"isSfIdLookup":false,"isNullable":true,"isUnique":false,"isCreateable":false,"isUpdateable":true,"isFilterable":true,"isCalculated":false,"showLabel":false,"naturalOrder":6,"linkedFields":[],"relatedInfos":[],"references":[]}},{"@type":"fieldMap","id":"12711586","targetField":{"@type":"field","id":35209393,"name":"EmploymentStatus","type":"varchar","uniqueName":"EmploymentStatus","label":"EmploymentStatus","parentObject":"ZZ_Facilities","pcType":"STRING","precision":12,"scale":0,"columnIndex":7,"isKey":false,"isExternalId":false,"isSfIdLookup":false,"isNullable":true,"isUnique":false,"isCreateable":false,"isUpdateable":true,"isFilterable":true,"isCalculated":false,"showLabel":false,"naturalOrder":7,"linkedFields":[],"relatedInfos":[],"references":[]}},{"@type":"fieldMap","id":"12711589","targetField":{"@type":"field","id":35209396,"name":"PositionStartDate","type":"varchar","uniqueName":"PositionStartDate","label":"PositionStartDate","parentObject":"ZZ_Facilities","pcType":"STRING","precision":10,"scale":0,"columnIndex":8,"isKey":false,"isExternalId":false,"isSfIdLookup":false,"isNullable":true,"isUnique":false,"isCreateable":false,"isUpdateable":true,"isFilterable":true,"isCalculated":false,"showLabel":false,"naturalOrder":8,"linkedFields":[],"relatedInfos":[],"references":[]}},{"@type":"fieldMap","id":"12711592","targetField":{"@type":"field","id":35209399,"name":"JobTitle","type":"varchar","uniqueName":"JobTitle","label":"JobTitle","parentObject":"ZZ_Facilities","pcType":"STRING","precision":100,"scale":0,"columnIndex":9,"isKey":false,"isExternalId":false,"isSfIdLookup":false,"isNullable":true,"isUnique":false,"isCreateable":false,"isUpdateable":true,"isFilterable":true,"isCalculated":false,"showLabel":false,"naturalOrder":9,"linkedFields":["JobTitle"],"relatedInfos":[],"references":[]},"expression":"JobTitle"},{"@type":"fieldMap","id":"12711595","targetField":{"@type":"field","id":35209402,"name":"AnniversaryDate","type":"varchar","uniqueName":"AnniversaryDate","label":"AnniversaryDate","parentObject":"ZZ_Facilities","pcType":"STRING","precision":10,"scale":0,"columnIndex":10,"isKey":false,"isExternalId":false,"isSfIdLookup":false,"isNullable":true,"isUnique":false,"isCreateable":false,"isUpdateable":true,"isFilterable":true,"isCalculated":false,"showLabel":false,"naturalOrder":10,"linkedFields":[],"relatedInfos":[],"references":[]}},{"@type":"fieldMap","id":"12711598","targetField":{"@type":"field","id":35209405,"name":"OriginalHireDate","type":"varchar","uniqueName":"OriginalHireDate","label":"OriginalHireDate","parentObject":"ZZ_Facilities","pcType":"STRING","precision":10,"scale":0,"columnIndex":11,"isKey":false,"isExternalId":false,"isSfIdLookup":false,"isNullable":true,"isUnique":false,"isCreateable":false,"isUpdateable":true,"isFilterable":true,"isCalculated":false,"showLabel":false,"naturalOrder":11,"linkedFields":[],"relatedInfos":[],"references":[]}},{"@type":"fieldMap","id":"12711601","targetField":{"@type":"field","id":35209408,"name":"SeparationDate","type":"varchar","uniqueName":"SeparationDate","label":"SeparationDate","parentObject":"ZZ_Facilities","pcType":"STRING","precision":10,"scale":0,"columnIndex":12,"isKey":false,"isExternalId":false,"isSfIdLookup":false,"isNullable":true,"isUnique":false,"isCreateable":false,"isUpdateable":true,"isFilterable":true,"isCalculated":false,"showLabel":false,"naturalOrder":12,"linkedFields":[],"relatedInfos":[],"references":[]}}],"sourceFields":[{"@type":"field","id":35209411,"name":"PersonnelArea","type":"string","uniqueName":"PersonnelArea","label":"PersonnelArea","parentObject":"Sheet1","pcType":"NSTRING","precision":13,"scale":0,"columnIndex":-1,"isKey":false,"isExternalId":false,"isSfIdLookup":false,"isNullable":false,"isUnique":false,"isCreateable":false,"isUpdateable":true,"isFilterable":true,"isCalculated":false,"javaType":"java.lang.String","showLabel":true,"naturalOrder":0,"linkedFields":["PersonnelArea"],"relatedInfos":[],"references":[]},{"@type":"field","id":35209414,"name":"PersonnelNumber","type":"string","uniqueName":"PersonnelNumber","label":"PersonnelNumber","parentObject":"Sheet1","pcType":"NSTRING","precision":15,"scale":0,"columnIndex":-1,"isKey":false,"isExternalId":false,"isSfIdLookup":false,"isNullable":false,"isUnique":false,"isCreateable":false,"isUpdateable":true,"isFilterable":true,"isCalculated":false,"javaType":"java.lang.String","showLabel":true,"naturalOrder":1,"linkedFields":["PersonnelNumber"],"relatedInfos":[],"references":[]},{"@type":"field","id":35209417,"name":"EmployeeName","type":"string","uniqueName":"EmployeeName","label":"EmployeeName","parentObject":"Sheet1","pcType":"NSTRING","precision":18,"scale":0,"columnIndex":-1,"isKey":false,"isExternalId":false,"isSfIdLookup":false,"isNullable":false,"isUnique":false,"isCreateable":false,"isUpdateable":true,"isFilterable":true,"isCalculated":false,"javaType":"java.lang.String","showLabel":true,"naturalOrder":2,"linkedFields":["EmployeeName"],"relatedInfos":[],"references":[]},{"@type":"field","id":35209420,"name":"JobTitle","type":"string","uniqueName":"JobTitle","label":"JobTitle","parentObject":"Sheet1","pcType":"NSTRING","precision":19,"scale":0,"columnIndex":-1,"isKey":false,"isExternalId":false,"isSfIdLookup":false,"isNullable":false,"isUnique":false,"isCreateable":false,"isUpdateable":true,"isFilterable":true,"isCalculated":false,"javaType":"java.lang.String","showLabel":true,"naturalOrder":3,"linkedFields":["JobTitle"],"relatedInfos":[],"references":[]}],"sortFields":[],"groupFields":[]}]