[{"@type":"mtTask","id":"@1","name":"mt_GetCommandErrorCode","description":"","runtimeEnvironmentId":"@6dKHc1uY0vOk9iOoP3L84v","maxLogs":10,"verbose":true,"lastRunTime":1607094078000,"mappingId":"@hENC18A1KKyfJqzpyWiwm0","shortDescription":"","sessionPropertiesList":[],"enableCrossSchemaPushdown":true,"enableParallelRun":false,"autoTunedApplied":false,"autoTunedAppliedType":"NONE","paramFileType":"PARAM_FILE_LOCAL","parameterFileEncoding":"UTF-8","serverlessProperties":{},"parameters":[{"@type":"mtTaskParameter","id":157021828,"name":"$Source$","type":"EXTENDED_SOURCE","label":"Source","uiProperties":{"connectionParameterized":"false","isMsrcFilterParameterized":"false","isMsrcSortParameterized":"false","objlabel":"SourceFileName","objectParameterized":"true","objDesc":""},"sourceConnectionId":"@aGmorERMxqkeKANHBgNTih","newFlatFile":false,"newObject":false,"showBusinessNames":true,"naturalOrder":true,"truncateTarget":false,"bulkApiDBTarget":false,"srcFFAttrs":{"@type":"flatFileAttrs","id":25681852,"delimiter":",","textQualifier":"\"","escapeChar":"","headerLineNo":1,"firstDataRow":2,"fwConfigId":"@fea9pOS3Eodc1yTxeKtBUx"},"customFuncCfg":{"@type":"customFuncConfig","id":-1,"connections":[],"inputMap":[],"outputFields":[]},"tgtFieldRefs":{},"targetUpdateColumns":[],"extendedObject":{"@type":"extendedObject","object":{"@type":"mObject","name":"TestConnOFMFPMTSFTTempDirOutput.txt","label":"TestConnOFMFPMTSFTTempDirOutput.txt","metadataUpdated":false,"relations":[],"children":[]},"filters":[],"sortFields":[]},"runtimeAttrs":{},"isRESTModernSource":true,"isFileList":false,"handleSpecialChars":false,"frsAsset":false,"dynamicFileName":false,"currentlyProcessedFileName":false,"tgtObjectAttributes":{},"runtimeParameterData":{"@type":"mtTaskRuntimeParameterData","isConnectionRuntimeParameter":false,"isObjectRuntimeParameter":false,"objectParameterName":"SourceFileName"},"overriddenFields":[]},{"@type":"mtTaskParameter","id":157021831,"name":"$Target$","type":"TARGET","label":"Target","uiProperties":{"connectionParameterized":"false","objlabel":"TargetFileName","objectParameterized":"true","objDesc":"","defaultTargetUpdateColumns":"","noCreateTarget":"true"},"targetConnectionId":"@k7EqXrN93cUghGAqc9gBQM","targetObject":"Test_OFMPFMT_SFT.txt","targetObjectLabel":"Test_OFMPFMT_SFT.txt","newFlatFile":false,"newObject":false,"showBusinessNames":true,"naturalOrder":true,"truncateTarget":false,"bulkApiDBTarget":false,"operationType":"Insert","tgtFFAttrs":{"@type":"flatFileAttrs","id":25681855,"delimiter":",","textQualifier":"\"","escapeChar":"","headerLineNo":1,"fwConfigId":"@fea9pOS3Eodc1yTxeKtBUx"},"customFuncCfg":{"@type":"customFuncConfig","id":-1,"connections":[],"inputMap":[],"outputFields":[]},"tgtFieldRefs":{},"targetUpdateColumns":[],"extendedObject":{"@type":"extendedObject","filters":[],"sortFields":[]},"runtimeAttrs":{},"isRESTModernSource":true,"isFileList":false,"handleSpecialChars":false,"frsAsset":false,"dynamicFileName":false,"currentlyProcessedFileName":false,"tgtObjectAttributes":{},"runtimeParameterData":{"@type":"mtTaskRuntimeParameterData","isConnectionRuntimeParameter":false,"isObjectRuntimeParameter":false,"objectParameterName":"TargetFileName"},"overriddenFields":[]}],"sequences":[],"inOutParameters":[{"@type":"mtTaskInOutParameter","id":"-1","name":"TypeOfFileFound","description":"","initialValue":"''","datatype":"STRING","precision":"7","scale":"0","retentionPolicy":"ON_SUCCESS_OR_WARNING","aggregationType":"MAX","currentValue":"success"}],"connRuntimeAttrs":[]}]