[{"@type":"mappingTemplate","id":"@1","name":"m_TempConversion2","description":"","bundleVersion":"0","templateId":"@3","deployTime":1579731413000,"hasParameters":false,"valid":true,"fixedConnection":true,"hasParametersDeployed":false,"fixedConnectionDeployed":true,"tasks":0,"mappingPreviewFileRecordId":"@2","documentType":"","references":[{"@type":"reference","refObjectId":"@jRwtGYTWxaykHusFX8gkK8","refType":"businessService"},{"@type":"reference","refObjectId":"@k7EqXrN93cUghGAqc9gBQM","refType":"connection"},{"@type":"reference","refObjectId":"@aGmorERMxqkeKANHBgNTih","refType":"connection"}]}]