[{"@type":"dssTask","id":"@1","name":"SynTask_SFTP","description":"","maxLogs":10,"sourceConnectionId":"@lSharkGgCcSkGHyAUGVikf","targetConnectionId":"@lSharkGgCcSkGHyAUGVikf","targetObject":"CL_flatfileTest.txt","targetObjectLabel":"CL_flatfileTest.txt","operation":"Insert","maxRows":0,"truncateTarget":false,"bulkApiDBTarget":false,"verbose":false,"srcFlatFileAttrs":{"@type":"flatFileAttrs","id":6886981,"delimiter":",","textQualifier":"\"","escapeChar":"","headerLineNo":1,"firstDataRow":2},"tgtFlatFileAttrs":{"@type":"flatFileAttrs","id":6886984,"delimiter":",","textQualifier":"\"","escapeChar":"","headerLineNo":1,"firstDataRow":2},"targetMetadataUpdated":false,"modelVersion":"V3-R600","queryAll":false,"srcSettings":{"@type":"taskDataSourceSetting","isShowLabels":false,"isNaturalOrder":true},"tgtSettings":{"@type":"taskDataSourceSetting","isShowLabels":false,"isNaturalOrder":true},"cfSettings":{"@type":"taskDataSourceSetting","isShowLabels":false,"isNaturalOrder":false},"bulkApi":false,"bulkApiSerialMode":false,"bulkApiMonitor":false,"isTargetObjectSfCustom":false,"allowNullUpdates":false,"targetBatchSize":200,"assignmentRuleId":"-1","assignmentRuleType":"None","createSuccessFile":false,"bulkApiHardDelete":false,"srcRuntimeAttrs":{"@type":"taskRuntimeAttrs","attrs":{}},"tgtRuntimeAttrs":{"@type":"taskRuntimeAttrs","attrs":{}},"parameterFileEncoding":"UTF-8","sourceObjects":[{"@type":"mObject","name":"CL_flatfileTest.txt","label":"CL_flatfileTest.txt","metadataUpdated":false,"relations":[],"children":[]}],"advancedFilters":[],"filters":[],"fieldMaps":[{"@type":"fieldMap","id":"13150318","targetField":{"@type":"field","id":36264790,"name":"FName","type":"nstring","uniqueName":"FName","label":"FName","parentObject":"CL_flatfileTest.txt","pcType":"UNISTRING","precision":255,"scale":0,"columnIndex":0,"isKey":false,"isExternalId":false,"isSfIdLookup":false,"isNullable":true,"isUnique":false,"isCreateable":false,"isUpdateable":true,"isFilterable":true,"isCalculated":false,"showLabel":false,"naturalOrder":0,"linkedFields":["FName"],"relatedInfos":[],"references":[]},"expression":"concat(FName, FName)"},{"@type":"fieldMap","id":"13150321","targetField":{"@type":"field","id":36264793,"name":"LName","type":"nstring","uniqueName":"LName","label":"LName","parentObject":"CL_flatfileTest.txt","pcType":"UNISTRING","precision":255,"scale":0,"columnIndex":1,"isKey":false,"isExternalId":false,"isSfIdLookup":false,"isNullable":true,"isUnique":false,"isCreateable":false,"isUpdateable":true,"isFilterable":true,"isCalculated":false,"showLabel":false,"naturalOrder":0,"linkedFields":["LName"],"relatedInfos":[],"references":[]},"expression":"concat(LName, LName)"},{"@type":"fieldMap","id":"13150324","targetField":{"@type":"field","id":36264796,"name":"Hours","type":"nstring","uniqueName":"Hours","label":"Hours","parentObject":"CL_flatfileTest.txt","pcType":"UNISTRING","precision":255,"scale":0,"columnIndex":2,"isKey":false,"isExternalId":false,"isSfIdLookup":false,"isNullable":true,"isUnique":false,"isCreateable":false,"isUpdateable":true,"isFilterable":true,"isCalculated":false,"showLabel":false,"naturalOrder":0,"linkedFields":["Hours"],"relatedInfos":[],"references":[]},"expression":"concat(Hours, Hours)"}],"sourceFields":[{"@type":"field","id":36264799,"name":"FName","type":"nstring","uniqueName":"FName","label":"FName","parentObject":"CL_flatfileTest.txt","pcType":"UNISTRING","precision":255,"scale":0,"columnIndex":0,"isKey":false,"isExternalId":false,"isSfIdLookup":false,"isNullable":true,"isUnique":false,"isCreateable":false,"isUpdateable":true,"isFilterable":true,"isCalculated":false,"showLabel":false,"naturalOrder":0,"linkedFields":["FName"],"relatedInfos":[],"references":[]},{"@type":"field","id":36264802,"name":"LName","type":"nstring","uniqueName":"LName","label":"LName","parentObject":"CL_flatfileTest.txt","pcType":"UNISTRING","precision":255,"scale":0,"columnIndex":1,"isKey":false,"isExternalId":false,"isSfIdLookup":false,"isNullable":true,"isUnique":false,"isCreateable":false,"isUpdateable":true,"isFilterable":true,"isCalculated":false,"showLabel":false,"naturalOrder":0,"linkedFields":["LName"],"relatedInfos":[],"references":[]},{"@type":"field","id":36264805,"name":"Hours","type":"nstring","uniqueName":"Hours","label":"Hours","parentObject":"CL_flatfileTest.txt","pcType":"UNISTRING","precision":255,"scale":0,"columnIndex":2,"isKey":false,"isExternalId":false,"isSfIdLookup":false,"isNullable":true,"isUnique":false,"isCreateable":false,"isUpdateable":true,"isFilterable":true,"isCalculated":false,"showLabel":false,"naturalOrder":0,"linkedFields":["Hours"],"relatedInfos":[],"references":[]}],"sortFields":[],"groupFields":[]}]