[{"@type":"mappingTemplate","id":"@1","name":"Mapping2","description":"Augments source data with additional data through a connected Lookup transformation and loads it to an existing target.\n\nThe lookup has its cache option enabled for the most optimal execution performance.","bundleVersion":"0","templateId":"@3","hasParameters":false,"valid":true,"fixedConnection":true,"hasParametersDeployed":false,"fixedConnectionDeployed":false,"tasks":0,"mappingPreviewFileRecordId":"@2","documentType":"MAPPING","references":[{"@type":"reference","refObjectId":"@gWgZ5LwPngOliJyLqp6kyt","refType":"connection"},{"@type":"reference","refObjectId":"@aGmorERMxqkeKANHBgNTih","refType":"connection"}]}]