[{"@type":"mappingTemplate","id":"@1","name":"m_EIStaging_950","description":"This mapping will load 950 formatted data to fixed width file","bundleVersion":"0","templateId":"@3","deployTime":1578092290000,"hasParameters":false,"valid":true,"fixedConnection":true,"hasParametersDeployed":false,"fixedConnectionDeployed":true,"tasks":1,"mappingPreviewFileRecordId":"@2","documentType":"","references":[{"@type":"reference","refObjectId":"@gWgZ5LwPngOliJyLqp6kyt","refType":"connection"},{"@type":"reference","refObjectId":"@k7EqXrN93cUghGAqc9gBQM","refType":"connection"},{"@type":"reference","refObjectId":"@a8bdiBRmQzKcGa8qGplhAA","refType":"fwConfig"}]}]