[{"@type":"mappingTemplate","id":"@1","name":"m_OMWBE_EIStaging","description":"","bundleVersion":"0","templateId":"@3","deployTime":1574719503000,"hasParameters":false,"valid":false,"fixedConnection":true,"hasParametersDeployed":false,"fixedConnectionDeployed":true,"tasks":0,"mappingPreviewFileRecordId":"@2","documentType":"","references":[{"@type":"reference","refObjectId":"@3CJDrZz286njRt5SGjwp25","refType":"businessService"},{"@type":"reference","refObjectId":"@gWgZ5LwPngOliJyLqp6kyt","refType":"connection"},{"@type":"reference","refObjectId":"@aGmorERMxqkeKANHBgNTih","refType":"connection"}]}]