[{"@type":"mappingTemplate","id":"@1","name":"m_AgencyInboundTransactions","description":"takes files that are found on in SrcFiles/FileListener_OFMAFRS_sft and processes, transforming key if necessary.  Source and Target name are parameterized.","bundleVersion":"0","templateId":"@3","deployTime":1592525694000,"hasParameters":true,"valid":true,"fixedConnection":true,"hasParametersDeployed":true,"fixedConnectionDeployed":true,"tasks":10,"mappingPreviewFileRecordId":"@2","documentType":"","references":[{"@type":"reference","refObjectId":"@jRR7p2sBeGabZYz1sCzSOP","refType":"connection"},{"@type":"reference","refObjectId":"@9NcMtsv8hGdbCESxIBQMYC","refType":"connection"},{"@type":"reference","refObjectId":"@9PBBF83RnxbbTYxJ6trygB","refType":"fwConfig"}]}]