[{"@type":"mappingTemplate","id":"@1","name":"GetCommandErrorCode","description":"finds the error code from command tasks by parsing code in name of output file","bundleVersion":"0","templateId":"@3","deployTime":1606773166000,"hasParameters":true,"valid":true,"fixedConnection":true,"hasParametersDeployed":true,"fixedConnectionDeployed":true,"tasks":1,"mappingPreviewFileRecordId":"@2","documentType":"MAPPING","references":[{"@type":"reference","refObjectId":"@aGmorERMxqkeKANHBgNTih","refType":"connection"},{"@type":"reference","refObjectId":"@k7EqXrN93cUghGAqc9gBQM","refType":"connection"}]}]