[{"@type":"connection","id":"@1","name":"EIStaging","description":"EIStaging","runtimeEnvironmentId":"@6dKHc1uY0vOk9iOoP3L84v","instanceDisplayName":"SqlServer","host":"enadbintdv01","database":"EIStaging","codepage":"MS1252","authenticationType":"Windows","adjustedJdbcHostName":"enadbintdv01","schema":"dbo","shortDescription":"EIStaging","type":"SqlServer2017","port":1433,"majorUpdateTime":"2020-01-08T18:32:48.000Z","timeout":60,"connParams":{"agentId":"010YZQ08000000000003","CryptoProtocolVersion":"TLSv1","agentGroupId":"010YZQ25000000000003","AUTHENTICATION_TYPE":"Windows","encryptionMethod":"None","orgId":"010YZQ","ValidateServerCertificate":"False"},"internal":false,"federatedId":"gWgZ5LwPngOliJyLqp6kyt","retryNetworkError":false}]