[{"@type":"mappingTemplate","id":"@1","name":"m_EIStaging_950HeaderTest","description":"This mapping will load 950 formatted data to fixed width file","bundleVersion":"0","templateId":"@3","deployTime":1583438287000,"hasParameters":false,"valid":true,"fixedConnection":true,"hasParametersDeployed":false,"fixedConnectionDeployed":true,"tasks":0,"mappingPreviewFileRecordId":"@2","documentType":"","references":[{"@type":"reference","refObjectId":"@gWgZ5LwPngOliJyLqp6kyt","refType":"connection"},{"@type":"reference","refObjectId":"@k7EqXrN93cUghGAqc9gBQM","refType":"connection"},{"@type":"reference","refObjectId":"@3Z1C3Ee5tW2bdD4yRttZaX","refType":"fwConfig"}]}]