[{"@type":"mtTask","id":"@1","name":"mt_MasterIndex","description":"Mapping Task for MI","runtimeEnvironmentId":"@6dKHc1uY0vOk9iOoP3L84v","maxLogs":10,"verbose":false,"lastRunTime":1578605277000,"mappingId":"@6kxZ8pXjrIUiJZecLXSZgZ","shortDescription":"Mapping Task for MI","sessionProperties":{},"enableCrossSchemaPushdown":true,"parameters":[{"@type":"mtTaskParameter","id":44096086,"name":"$s_MI$","type":"SOURCE","label":"s_MI","uiProperties":{"connectionParameterized":"false","objectParameterized":"false","visible":"false"},"sourceConnectionId":"@1wFs4LGpbpJlBRZyWaBOGI","sourceObject":"DUMMY_s_MI","newFlatFile":false,"newObject":false,"showBusinessNames":false,"naturalOrder":true,"truncateTarget":false,"bulkApiDBTarget":false,"customFuncCfg":{"@type":"customFuncConfig","id":-1,"connections":[],"inputMap":[],"outputFields":[]},"tgtFieldRefs":{},"targetUpdateColumns":[],"runtimeAttrs":{},"isRESTModernSource":true,"customQuery":"SELECT Distinct TOP 100 fy_biennium As Biennium, Agency + subagency As Agency, master_index As MasterIndex, Title As  MasterIndexTitle\nFROM master_index MI\n\t\tINNER JOIN system_management SM\n\t\t\t\tON MI.fy_biennium= SM.current_fy_biennium\nWHERE (cast(ending_effective_date as date) >  cast(getdate() as date))\n\t\tAND active_switch='Y'\nORDER BY Agency,master_index","isFileList":false,"handleSpecialChars":false,"frsAsset":false,"tgtObjectAttributes":{},"runtimeParameterData":{"@type":"mtTaskRuntimeParameterData","isConnectionRuntimeParameter":false,"isObjectRuntimeParameter":false},"overriddenFields":[]},{"@type":"mtTaskParameter","id":44096089,"name":"$t_File$","type":"TARGET","label":"t_File","uiProperties":{"connectionParameterized":"false","objectParameterized":"false","visible":"false","defaultTargetUpdateColumns":""},"targetConnectionId":"@k7EqXrN93cUghGAqc9gBQM","targetObject":"FPMTMasterIndex","targetObjectLabel":"FPMTMasterIndex","newFlatFile":false,"newObject":false,"showBusinessNames":false,"naturalOrder":true,"truncateTarget":false,"bulkApiDBTarget":false,"operationType":"Insert","tgtFFAttrs":{"@type":"flatFileAttrs","id":8070685,"delimiter":"\t","textQualifier":"none","escapeChar":"","headerLineNo":1},"customFuncCfg":{"@type":"customFuncConfig","id":-1,"connections":[],"inputMap":[],"outputFields":[]},"tgtFieldRefs":{},"targetUpdateColumns":[],"extendedObject":{"@type":"extendedObject","filters":[],"sortFields":[]},"runtimeAttrs":{},"isRESTModernSource":true,"isFileList":false,"handleSpecialChars":false,"frsAsset":false,"tgtObjectAttributes":{},"runtimeParameterData":{"@type":"mtTaskRuntimeParameterData","isConnectionRuntimeParameter":false,"isObjectRuntimeParameter":false},"overriddenFields":[]}],"sequences":[],"inOutParameters":[],"connRuntimeAttrs":[]}]