[{"@type":"mappingTemplate","id":"@1","name":"m_FMPTUFI_ExceltoCSV","description":"","bundleVersion":"0","templateId":"@3","deployTime":1583434758000,"hasParameters":false,"valid":true,"fixedConnection":true,"hasParametersDeployed":false,"fixedConnectionDeployed":true,"tasks":0,"mappingPreviewFileRecordId":"@2","documentType":"","references":[{"@type":"reference","refObjectId":"@79E2vgwLJUUi7pfE0rgFcd","refType":"connection"},{"@type":"reference","refObjectId":"@k7EqXrN93cUghGAqc9gBQM","refType":"connection"}]}]