[{"@type":"mtTask","id":"@1","name":"ActiveDirectory_EIStaging_MappingTask","description":"","errorTaskEmail":{"@type":"taskEmail","id":254200,"emails":"kimberly.sullivan@ofm.wa.gov","emailType":"ERROR"},"successTaskEmail":{"@type":"taskEmail","id":254203,"emails":"kimberly.sullivan@ofm.wa.gov","emailType":"SUCCESS"},"runtimeEnvironmentId":"@4Q1XPFEz3ZLkGgoUUGgrIJ","maxLogs":10,"scheduleId":"@2","verbose":false,"lastRunTime":1577718008000,"mappingId":"@6Qz7Qlu5SR9jNd4XbZHKSC","shortDescription":"","sessionProperties":{},"enableCrossSchemaPushdown":true,"parameters":[{"@type":"mtTaskParameter","id":33676162,"name":"$LDAP_global$","type":"EXTENDED_SOURCE","label":"LDAP_global","uiProperties":{"connectionParameterized":"false","isMsrcFilterParameterized":"false","isMsrcSortParameterized":"false","objectParameterized":"false","visible":"false"},"sourceConnectionId":"@4ePkXCFbL6QbXk64Ids70u","newFlatFile":false,"newObject":false,"showBusinessNames":false,"naturalOrder":true,"truncateTarget":false,"bulkApiDBTarget":false,"customFuncCfg":{"@type":"customFuncConfig","id":-1,"connections":[],"inputMap":[],"outputFields":[]},"tgtFieldRefs":{},"targetUpdateColumns":[],"extendedObject":{"@type":"extendedObject","object":{"@type":"mObject","name":"user","label":"user","metadataUpdated":false,"relations":[],"children":[]},"filters":[{"@type":"filter","objectName":"user","field":"sAMAccountType","type":"INT","operator":"equals","value":"805306368"}],"sortFields":[]},"runtimeAttrs":{},"isRESTModernSource":true,"isFileList":false,"handleSpecialChars":false,"frsAsset":false,"tgtObjectAttributes":{},"runtimeParameterData":{"@type":"mtTaskRuntimeParameterData","isConnectionRuntimeParameter":false,"isObjectRuntimeParameter":false},"overriddenFields":[]},{"@type":"mtTaskParameter","id":33676165,"name":"$tgt$","type":"TARGET","label":"tgt","uiProperties":{"connectionParameterized":"false","objectParameterized":"false","visible":"false","defaultTargetUpdateColumns":""},"targetConnectionId":"@gWgZ5LwPngOliJyLqp6kyt","targetObject":"ActiveDirectory_Employee_Full_Kim","targetObjectLabel":"ActiveDirectory_Employee_Full_Kim","newFlatFile":false,"newObject":false,"showBusinessNames":false,"naturalOrder":true,"truncateTarget":true,"bulkApiDBTarget":false,"operationType":"Insert","customFuncCfg":{"@type":"customFuncConfig","id":-1,"connections":[],"inputMap":[],"outputFields":[]},"tgtFieldRefs":{},"targetUpdateColumns":[],"extendedObject":{"@type":"extendedObject","filters":[],"sortFields":[]},"runtimeAttrs":{},"isRESTModernSource":true,"isFileList":false,"handleSpecialChars":false,"frsAsset":false,"tgtObjectAttributes":{},"runtimeParameterData":{"@type":"mtTaskRuntimeParameterData","isConnectionRuntimeParameter":false,"isObjectRuntimeParameter":false},"overriddenFields":[]}],"sequences":[],"inOutParameters":[],"connRuntimeAttrs":[]}]