[{"@type":"fwConfig","id":"@1","name":"fw_950Header","description":"","lineSequential":true,"padBytes":0,"skipRows":0,"nullChar":" ","nullCharType":"ASCII","repeatNullChar":false,"stripTrailingBlank":false,"dateFormat":"","columns":[{"@type":"fwColumn","name":"Agency","nativeType":"string","precision":4,"physicalLength":0,"scale":0},{"@type":"fwColumn","name":"BatchDate","nativeType":"string","precision":6,"physicalLength":0,"scale":0},{"@type":"fwColumn","name":"BatchType","nativeType":"string","precision":2,"physicalLength":0,"scale":0},{"@type":"fwColumn","name":"BatchNum","nativeType":"string","precision":3,"physicalLength":0,"scale":0},{"@type":"fwColumn","name":"DupInd","nativeType":"string","precision":1,"physicalLength":0,"scale":0},{"@type":"fwColumn","name":"TransType","nativeType":"string","precision":1,"physicalLength":0,"scale":0},{"@type":"fwColumn","name":"BeachSeqNum","nativeType":"string","precision":5,"physicalLength":0,"scale":0},{"@type":"fwColumn","name":"BeachBiennium","nativeType":"string","precision":2,"physicalLength":0,"scale":0},{"@type":"fwColumn","name":"BatchFM","nativeType":"string","precision":2,"physicalLength":0,"scale":0},{"@type":"fwColumn","name":"BatchDueDate","nativeType":"string","precision":6,"physicalLength":0,"scale":0},{"@type":"fwColumn","name":"BatchTotalCount","nativeType":"string","precision":5,"physicalLength":0,"scale":0},{"@type":"fwColumn","name":"BatchTotalAmount","nativeType":"string","precision":13,"physicalLength":0,"scale":0},{"@type":"fwColumn","name":"Column_buffer1","nativeType":"string","precision":18,"physicalLength":0,"scale":0},{"@type":"fwColumn","name":"BatchStatus","nativeType":"string","precision":2,"physicalLength":0,"scale":0},{"@type":"fwColumn","name":"Column_buffer2","nativeType":"string","precision":838,"physicalLength":0,"scale":0},{"@type":"fwColumn","name":"OrginCode","nativeType":"string","precision":2,"physicalLength":0,"scale":0}]}]