[{"@type":"dssTask","id":"@1","name":"Synch_AD_EIStaging_EIStaging_WORKS","description":"","maxLogs":10,"sourceConnectionId":"@gWgZ5LwPngOliJyLqp6kyt","targetConnectionId":"@gWgZ5LwPngOliJyLqp6kyt","targetObject":"ActiveDirectory_Employee_Full_Kim","targetObjectLabel":"ActiveDirectory_Employee_Full_Kim","operation":"Insert","maxRows":0,"truncateTarget":true,"bulkApiDBTarget":false,"verbose":false,"targetMetadataUpdated":false,"modelVersion":"V3-R600","queryAll":false,"srcSettings":{"@type":"taskDataSourceSetting","isShowLabels":false,"isNaturalOrder":true},"tgtSettings":{"@type":"taskDataSourceSetting","isShowLabels":false,"isNaturalOrder":true},"cfSettings":{"@type":"taskDataSourceSetting","isShowLabels":false,"isNaturalOrder":false},"bulkApi":false,"bulkApiSerialMode":false,"bulkApiMonitor":false,"isTargetObjectSfCustom":false,"allowNullUpdates":false,"targetBatchSize":200,"assignmentRuleId":"-1","assignmentRuleType":"None","createSuccessFile":false,"bulkApiHardDelete":false,"srcRuntimeAttrs":{"@type":"taskRuntimeAttrs","attrs":{}},"tgtRuntimeAttrs":{"@type":"taskRuntimeAttrs","attrs":{}},"parameterFileEncoding":"UTF-8","sourceObjects":[{"@type":"mObject","name":"ActiveDirectory_Employee_Full","label":"ActiveDirectory_Employee_Full","metadataUpdated":false,"relations":[],"children":[]}],"advancedFilters":[],"filters":[],"fieldMaps":[{"@type":"fieldMap","id":"11110132","targetField":{"@type":"field","id":30775024,"name":"departmentNumber","type":"nvarchar","uniqueName":"departmentNumber","label":"departmentNumber","parentObject":"ActiveDirectory_Employee_Full_Kim","pcType":"UNISTRING","precision":4000,"scale":0,"columnIndex":0,"isKey":false,"isExternalId":false,"isSfIdLookup":false,"isNullable":true,"isUnique":false,"isCreateable":false,"isUpdateable":true,"isFilterable":true,"isCalculated":false,"showLabel":false,"naturalOrder":0,"linkedFields":["departmentNumber"],"relatedInfos":[],"references":[]},"expression":"departmentNumber"},{"@type":"fieldMap","id":"11110135","targetField":{"@type":"field","id":30775027,"name":"distinguishedName","type":"nvarchar","uniqueName":"distinguishedName","label":"distinguishedName","parentObject":"ActiveDirectory_Employee_Full_Kim","pcType":"UNISTRING","precision":4000,"scale":0,"columnIndex":1,"isKey":false,"isExternalId":false,"isSfIdLookup":false,"isNullable":true,"isUnique":false,"isCreateable":false,"isUpdateable":true,"isFilterable":true,"isCalculated":false,"showLabel":false,"naturalOrder":1,"linkedFields":["distinguishedName"],"relatedInfos":[],"references":[]},"expression":"distinguishedName"},{"@type":"fieldMap","id":"11110138","targetField":{"@type":"field","id":30775030,"name":"SamAccountName","type":"nvarchar","uniqueName":"SamAccountName","label":"SamAccountName","parentObject":"ActiveDirectory_Employee_Full_Kim","pcType":"UNISTRING","precision":4000,"scale":0,"columnIndex":2,"isKey":false,"isExternalId":false,"isSfIdLookup":false,"isNullable":true,"isUnique":false,"isCreateable":false,"isUpdateable":true,"isFilterable":true,"isCalculated":false,"showLabel":false,"naturalOrder":2,"linkedFields":["SamAccountName"],"relatedInfos":[],"references":[]},"expression":"SamAccountName"},{"@type":"fieldMap","id":"11110141","targetField":{"@type":"field","id":30775033,"name":"EmployeeType","type":"nvarchar","uniqueName":"EmployeeType","label":"EmployeeType","parentObject":"ActiveDirectory_Employee_Full_Kim","pcType":"UNISTRING","precision":4000,"scale":0,"columnIndex":3,"isKey":false,"isExternalId":false,"isSfIdLookup":false,"isNullable":true,"isUnique":false,"isCreateable":false,"isUpdateable":true,"isFilterable":true,"isCalculated":false,"showLabel":false,"naturalOrder":3,"linkedFields":["EmployeeType"],"relatedInfos":[],"references":[]},"expression":"EmployeeType"},{"@type":"fieldMap","id":"11110144","targetField":{"@type":"field","id":30775036,"name":"streetAddress","type":"nvarchar","uniqueName":"streetAddress","label":"streetAddress","parentObject":"ActiveDirectory_Employee_Full_Kim","pcType":"UNISTRING","precision":4000,"scale":0,"columnIndex":4,"isKey":false,"isExternalId":false,"isSfIdLookup":false,"isNullable":true,"isUnique":false,"isCreateable":false,"isUpdateable":true,"isFilterable":true,"isCalculated":false,"showLabel":false,"naturalOrder":4,"linkedFields":["streetAddress"],"relatedInfos":[],"references":[]},"expression":"streetAddress"},{"@type":"fieldMap","id":"11110147","targetField":{"@type":"field","id":30775039,"name":"physicalDeliveryOfficeName","type":"nvarchar","uniqueName":"physicalDeliveryOfficeName","label":"physicalDeliveryOfficeName","parentObject":"ActiveDirectory_Employee_Full_Kim","pcType":"UNISTRING","precision":4000,"scale":0,"columnIndex":5,"isKey":false,"isExternalId":false,"isSfIdLookup":false,"isNullable":true,"isUnique":false,"isCreateable":false,"isUpdateable":true,"isFilterable":true,"isCalculated":false,"showLabel":false,"naturalOrder":5,"linkedFields":["physicalDeliveryOfficeName"],"relatedInfos":[],"references":[]},"expression":"physicalDeliveryOfficeName"},{"@type":"fieldMap","id":"11110150","targetField":{"@type":"field","id":30775042,"name":"employeeid","type":"nvarchar","uniqueName":"employeeid","label":"employeeid","parentObject":"ActiveDirectory_Employee_Full_Kim","pcType":"UNISTRING","precision":4000,"scale":0,"columnIndex":6,"isKey":false,"isExternalId":false,"isSfIdLookup":false,"isNullable":true,"isUnique":false,"isCreateable":false,"isUpdateable":true,"isFilterable":true,"isCalculated":false,"showLabel":false,"naturalOrder":6,"linkedFields":["employeeid"],"relatedInfos":[],"references":[]},"expression":"employeeid"},{"@type":"fieldMap","id":"11110153","targetField":{"@type":"field","id":30775045,"name":"manager","type":"nvarchar","uniqueName":"manager","label":"manager","parentObject":"ActiveDirectory_Employee_Full_Kim","pcType":"UNISTRING","precision":4000,"scale":0,"columnIndex":7,"isKey":false,"isExternalId":false,"isSfIdLookup":false,"isNullable":true,"isUnique":false,"isCreateable":false,"isUpdateable":true,"isFilterable":true,"isCalculated":false,"showLabel":false,"naturalOrder":7,"linkedFields":["manager"],"relatedInfos":[],"references":[]},"expression":"manager"},{"@type":"fieldMap","id":"11110156","targetField":{"@type":"field","id":30775048,"name":"mobile","type":"nvarchar","uniqueName":"mobile","label":"mobile","parentObject":"ActiveDirectory_Employee_Full_Kim","pcType":"UNISTRING","precision":4000,"scale":0,"columnIndex":8,"isKey":false,"isExternalId":false,"isSfIdLookup":false,"isNullable":true,"isUnique":false,"isCreateable":false,"isUpdateable":true,"isFilterable":true,"isCalculated":false,"showLabel":false,"naturalOrder":8,"linkedFields":["mobile"],"relatedInfos":[],"references":[]},"expression":"mobile"},{"@type":"fieldMap","id":"11110159","targetField":{"@type":"field","id":30775051,"name":"department","type":"nvarchar","uniqueName":"department","label":"department","parentObject":"ActiveDirectory_Employee_Full_Kim","pcType":"UNISTRING","precision":4000,"scale":0,"columnIndex":9,"isKey":false,"isExternalId":false,"isSfIdLookup":false,"isNullable":true,"isUnique":false,"isCreateable":false,"isUpdateable":true,"isFilterable":true,"isCalculated":false,"showLabel":false,"naturalOrder":9,"linkedFields":["department"],"relatedInfos":[],"references":[]},"expression":"department"},{"@type":"fieldMap","id":"11110162","targetField":{"@type":"field","id":30775054,"name":"company","type":"nvarchar","uniqueName":"company","label":"company","parentObject":"ActiveDirectory_Employee_Full_Kim","pcType":"UNISTRING","precision":4000,"scale":0,"columnIndex":10,"isKey":false,"isExternalId":false,"isSfIdLookup":false,"isNullable":true,"isUnique":false,"isCreateable":false,"isUpdateable":true,"isFilterable":true,"isCalculated":false,"showLabel":false,"naturalOrder":10,"linkedFields":["company"],"relatedInfos":[],"references":[]},"expression":"company"},{"@type":"fieldMap","id":"11110165","targetField":{"@type":"field","id":30775057,"name":"telephoneNumber","type":"nvarchar","uniqueName":"telephoneNumber","label":"telephoneNumber","parentObject":"ActiveDirectory_Employee_Full_Kim","pcType":"UNISTRING","precision":4000,"scale":0,"columnIndex":11,"isKey":false,"isExternalId":false,"isSfIdLookup":false,"isNullable":true,"isUnique":false,"isCreateable":false,"isUpdateable":true,"isFilterable":true,"isCalculated":false,"showLabel":false,"naturalOrder":11,"linkedFields":["telephoneNumber"],"relatedInfos":[],"references":[]},"expression":"telephoneNumber"},{"@type":"fieldMap","id":"11110168","targetField":{"@type":"field","id":30775060,"name":"title","type":"nvarchar","uniqueName":"title","label":"title","parentObject":"ActiveDirectory_Employee_Full_Kim","pcType":"UNISTRING","precision":4000,"scale":0,"columnIndex":12,"isKey":false,"isExternalId":false,"isSfIdLookup":false,"isNullable":true,"isUnique":false,"isCreateable":false,"isUpdateable":true,"isFilterable":true,"isCalculated":false,"showLabel":false,"naturalOrder":12,"linkedFields":["title"],"relatedInfos":[],"references":[]},"expression":"title"},{"@type":"fieldMap","id":"11110171","targetField":{"@type":"field","id":30775063,"name":"l","type":"nvarchar","uniqueName":"l","label":"l","parentObject":"ActiveDirectory_Employee_Full_Kim","pcType":"UNISTRING","precision":4000,"scale":0,"columnIndex":13,"isKey":false,"isExternalId":false,"isSfIdLookup":false,"isNullable":true,"isUnique":false,"isCreateable":false,"isUpdateable":true,"isFilterable":true,"isCalculated":false,"showLabel":false,"naturalOrder":13,"linkedFields":["l"],"relatedInfos":[],"references":[]},"expression":"l"},{"@type":"fieldMap","id":"11110174","targetField":{"@type":"field","id":30775066,"name":"c","type":"nvarchar","uniqueName":"c","label":"c","parentObject":"ActiveDirectory_Employee_Full_Kim","pcType":"UNISTRING","precision":4000,"scale":0,"columnIndex":14,"isKey":false,"isExternalId":false,"isSfIdLookup":false,"isNullable":true,"isUnique":false,"isCreateable":false,"isUpdateable":true,"isFilterable":true,"isCalculated":false,"showLabel":false,"naturalOrder":14,"linkedFields":["c"],"relatedInfos":[],"references":[]},"expression":"c"},{"@type":"fieldMap","id":"11110177","targetField":{"@type":"field","id":30775069,"name":"mail","type":"nvarchar","uniqueName":"mail","label":"mail","parentObject":"ActiveDirectory_Employee_Full_Kim","pcType":"UNISTRING","precision":4000,"scale":0,"columnIndex":15,"isKey":false,"isExternalId":false,"isSfIdLookup":false,"isNullable":true,"isUnique":false,"isCreateable":false,"isUpdateable":true,"isFilterable":true,"isCalculated":false,"showLabel":false,"naturalOrder":15,"linkedFields":["mail"],"relatedInfos":[],"references":[]},"expression":"mail"},{"@type":"fieldMap","id":"11110180","targetField":{"@type":"field","id":30775072,"name":"GivenName","type":"nvarchar","uniqueName":"GivenName","label":"GivenName","parentObject":"ActiveDirectory_Employee_Full_Kim","pcType":"UNISTRING","precision":4000,"scale":0,"columnIndex":16,"isKey":false,"isExternalId":false,"isSfIdLookup":false,"isNullable":true,"isUnique":false,"isCreateable":false,"isUpdateable":true,"isFilterable":true,"isCalculated":false,"showLabel":false,"naturalOrder":16,"linkedFields":["GivenName"],"relatedInfos":[],"references":[]},"expression":"GivenName"},{"@type":"fieldMap","id":"11110183","targetField":{"@type":"field","id":30775075,"name":"sn","type":"nvarchar","uniqueName":"sn","label":"sn","parentObject":"ActiveDirectory_Employee_Full_Kim","pcType":"UNISTRING","precision":4000,"scale":0,"columnIndex":17,"isKey":false,"isExternalId":false,"isSfIdLookup":false,"isNullable":true,"isUnique":false,"isCreateable":false,"isUpdateable":true,"isFilterable":true,"isCalculated":false,"showLabel":false,"naturalOrder":17,"linkedFields":["sn"],"relatedInfos":[],"references":[]},"expression":"sn"},{"@type":"fieldMap","id":"11110186","targetField":{"@type":"field","id":30775078,"name":"cn","type":"nvarchar","uniqueName":"cn","label":"cn","parentObject":"ActiveDirectory_Employee_Full_Kim","pcType":"UNISTRING","precision":4000,"scale":0,"columnIndex":18,"isKey":false,"isExternalId":false,"isSfIdLookup":false,"isNullable":true,"isUnique":false,"isCreateable":false,"isUpdateable":true,"isFilterable":true,"isCalculated":false,"showLabel":false,"naturalOrder":18,"linkedFields":["cn"],"relatedInfos":[],"references":[]},"expression":"cn"},{"@type":"fieldMap","id":"11110189","targetField":{"@type":"field","id":30775081,"name":"postalcode","type":"nvarchar","uniqueName":"postalcode","label":"postalcode","parentObject":"ActiveDirectory_Employee_Full_Kim","pcType":"UNISTRING","precision":15,"scale":0,"columnIndex":19,"isKey":false,"isExternalId":false,"isSfIdLookup":false,"isNullable":true,"isUnique":false,"isCreateable":false,"isUpdateable":true,"isFilterable":true,"isCalculated":false,"showLabel":false,"naturalOrder":19,"linkedFields":["postalcode"],"relatedInfos":[],"references":[]},"expression":"postalcode"},{"@type":"fieldMap","id":"11110192","targetField":{"@type":"field","id":30775084,"name":"objectGUID","type":"nvarchar","uniqueName":"objectGUID","label":"objectGUID","parentObject":"ActiveDirectory_Employee_Full_Kim","pcType":"UNISTRING","precision":4000,"scale":0,"columnIndex":20,"isKey":false,"isExternalId":false,"isSfIdLookup":false,"isNullable":true,"isUnique":false,"isCreateable":false,"isUpdateable":true,"isFilterable":true,"isCalculated":false,"showLabel":false,"naturalOrder":20,"linkedFields":["objectGUID"],"relatedInfos":[],"references":[]},"expression":"objectGUID"},{"@type":"fieldMap","id":"11110195","targetField":{"@type":"field","id":30775087,"name":"recordInsertDate","type":"timestamp","uniqueName":"recordInsertDate","label":"recordInsertDate","parentObject":"ActiveDirectory_Employee_Full_Kim","pcType":"DATE","precision":23,"scale":3,"columnIndex":21,"isKey":false,"isExternalId":false,"isSfIdLookup":false,"isNullable":true,"isUnique":false,"isCreateable":false,"isUpdateable":true,"isFilterable":true,"isCalculated":false,"showLabel":false,"naturalOrder":21,"linkedFields":["recordInsertDate"],"relatedInfos":[],"references":[]},"expression":"recordInsertDate"}],"sourceFields":[{"@type":"field","id":30775090,"name":"departmentNumber","type":"nvarchar","uniqueName":"departmentNumber","label":"departmentNumber","parentObject":"ActiveDirectory_Employee_Full","pcType":"UNISTRING","precision":4000,"scale":0,"columnIndex":0,"isKey":false,"isExternalId":false,"isSfIdLookup":false,"isNullable":true,"isUnique":false,"isCreateable":false,"isUpdateable":true,"isFilterable":true,"isCalculated":false,"showLabel":false,"naturalOrder":0,"linkedFields":["departmentNumber"],"relatedInfos":[],"references":[]},{"@type":"field","id":30775093,"name":"distinguishedName","type":"nvarchar","uniqueName":"distinguishedName","label":"distinguishedName","parentObject":"ActiveDirectory_Employee_Full","pcType":"UNISTRING","precision":4000,"scale":0,"columnIndex":1,"isKey":false,"isExternalId":false,"isSfIdLookup":false,"isNullable":true,"isUnique":false,"isCreateable":false,"isUpdateable":true,"isFilterable":true,"isCalculated":false,"showLabel":false,"naturalOrder":1,"linkedFields":["distinguishedName"],"relatedInfos":[],"references":[]},{"@type":"field","id":30775096,"name":"SamAccountName","type":"nvarchar","uniqueName":"SamAccountName","label":"SamAccountName","parentObject":"ActiveDirectory_Employee_Full","pcType":"UNISTRING","precision":4000,"scale":0,"columnIndex":2,"isKey":false,"isExternalId":false,"isSfIdLookup":false,"isNullable":true,"isUnique":false,"isCreateable":false,"isUpdateable":true,"isFilterable":true,"isCalculated":false,"showLabel":false,"naturalOrder":2,"linkedFields":["SamAccountName"],"relatedInfos":[],"references":[]},{"@type":"field","id":30775099,"name":"EmployeeType","type":"nvarchar","uniqueName":"EmployeeType","label":"EmployeeType","parentObject":"ActiveDirectory_Employee_Full","pcType":"UNISTRING","precision":4000,"scale":0,"columnIndex":3,"isKey":false,"isExternalId":false,"isSfIdLookup":false,"isNullable":true,"isUnique":false,"isCreateable":false,"isUpdateable":true,"isFilterable":true,"isCalculated":false,"showLabel":false,"naturalOrder":3,"linkedFields":["EmployeeType"],"relatedInfos":[],"references":[]},{"@type":"field","id":30775102,"name":"streetAddress","type":"nvarchar","uniqueName":"streetAddress","label":"streetAddress","parentObject":"ActiveDirectory_Employee_Full","pcType":"UNISTRING","precision":4000,"scale":0,"columnIndex":4,"isKey":false,"isExternalId":false,"isSfIdLookup":false,"isNullable":true,"isUnique":false,"isCreateable":false,"isUpdateable":true,"isFilterable":true,"isCalculated":false,"showLabel":false,"naturalOrder":4,"linkedFields":["streetAddress"],"relatedInfos":[],"references":[]},{"@type":"field","id":30775105,"name":"physicalDeliveryOfficeName","type":"nvarchar","uniqueName":"physicalDeliveryOfficeName","label":"physicalDeliveryOfficeName","parentObject":"ActiveDirectory_Employee_Full","pcType":"UNISTRING","precision":4000,"scale":0,"columnIndex":5,"isKey":false,"isExternalId":false,"isSfIdLookup":false,"isNullable":true,"isUnique":false,"isCreateable":false,"isUpdateable":true,"isFilterable":true,"isCalculated":false,"showLabel":false,"naturalOrder":5,"linkedFields":["physicalDeliveryOfficeName"],"relatedInfos":[],"references":[]},{"@type":"field","id":30775108,"name":"employeeid","type":"nvarchar","uniqueName":"employeeid","label":"employeeid","parentObject":"ActiveDirectory_Employee_Full","pcType":"UNISTRING","precision":4000,"scale":0,"columnIndex":6,"isKey":false,"isExternalId":false,"isSfIdLookup":false,"isNullable":true,"isUnique":false,"isCreateable":false,"isUpdateable":true,"isFilterable":true,"isCalculated":false,"showLabel":false,"naturalOrder":6,"linkedFields":["employeeid"],"relatedInfos":[],"references":[]},{"@type":"field","id":30775111,"name":"manager","type":"nvarchar","uniqueName":"manager","label":"manager","parentObject":"ActiveDirectory_Employee_Full","pcType":"UNISTRING","precision":4000,"scale":0,"columnIndex":7,"isKey":false,"isExternalId":false,"isSfIdLookup":false,"isNullable":true,"isUnique":false,"isCreateable":false,"isUpdateable":true,"isFilterable":true,"isCalculated":false,"showLabel":false,"naturalOrder":7,"linkedFields":["manager"],"relatedInfos":[],"references":[]},{"@type":"field","id":30775114,"name":"mobile","type":"nvarchar","uniqueName":"mobile","label":"mobile","parentObject":"ActiveDirectory_Employee_Full","pcType":"UNISTRING","precision":4000,"scale":0,"columnIndex":8,"isKey":false,"isExternalId":false,"isSfIdLookup":false,"isNullable":true,"isUnique":false,"isCreateable":false,"isUpdateable":true,"isFilterable":true,"isCalculated":false,"showLabel":false,"naturalOrder":8,"linkedFields":["mobile"],"relatedInfos":[],"references":[]},{"@type":"field","id":30775117,"name":"department","type":"nvarchar","uniqueName":"department","label":"department","parentObject":"ActiveDirectory_Employee_Full","pcType":"UNISTRING","precision":4000,"scale":0,"columnIndex":9,"isKey":false,"isExternalId":false,"isSfIdLookup":false,"isNullable":true,"isUnique":false,"isCreateable":false,"isUpdateable":true,"isFilterable":true,"isCalculated":false,"showLabel":false,"naturalOrder":9,"linkedFields":["department"],"relatedInfos":[],"references":[]},{"@type":"field","id":30775120,"name":"company","type":"nvarchar","uniqueName":"company","label":"company","parentObject":"ActiveDirectory_Employee_Full","pcType":"UNISTRING","precision":4000,"scale":0,"columnIndex":10,"isKey":false,"isExternalId":false,"isSfIdLookup":false,"isNullable":true,"isUnique":false,"isCreateable":false,"isUpdateable":true,"isFilterable":true,"isCalculated":false,"showLabel":false,"naturalOrder":10,"linkedFields":["company"],"relatedInfos":[],"references":[]},{"@type":"field","id":30775123,"name":"telephoneNumber","type":"nvarchar","uniqueName":"telephoneNumber","label":"telephoneNumber","parentObject":"ActiveDirectory_Employee_Full","pcType":"UNISTRING","precision":4000,"scale":0,"columnIndex":11,"isKey":false,"isExternalId":false,"isSfIdLookup":false,"isNullable":true,"isUnique":false,"isCreateable":false,"isUpdateable":true,"isFilterable":true,"isCalculated":false,"showLabel":false,"naturalOrder":11,"linkedFields":["telephoneNumber"],"relatedInfos":[],"references":[]},{"@type":"field","id":30775126,"name":"title","type":"nvarchar","uniqueName":"title","label":"title","parentObject":"ActiveDirectory_Employee_Full","pcType":"UNISTRING","precision":4000,"scale":0,"columnIndex":12,"isKey":false,"isExternalId":false,"isSfIdLookup":false,"isNullable":true,"isUnique":false,"isCreateable":false,"isUpdateable":true,"isFilterable":true,"isCalculated":false,"showLabel":false,"naturalOrder":12,"linkedFields":["title"],"relatedInfos":[],"references":[]},{"@type":"field","id":30775129,"name":"l","type":"nvarchar","uniqueName":"l","label":"l","parentObject":"ActiveDirectory_Employee_Full","pcType":"UNISTRING","precision":4000,"scale":0,"columnIndex":13,"isKey":false,"isExternalId":false,"isSfIdLookup":false,"isNullable":true,"isUnique":false,"isCreateable":false,"isUpdateable":true,"isFilterable":true,"isCalculated":false,"showLabel":false,"naturalOrder":13,"linkedFields":["l"],"relatedInfos":[],"references":[]},{"@type":"field","id":30775132,"name":"c","type":"nvarchar","uniqueName":"c","label":"c","parentObject":"ActiveDirectory_Employee_Full","pcType":"UNISTRING","precision":4000,"scale":0,"columnIndex":14,"isKey":false,"isExternalId":false,"isSfIdLookup":false,"isNullable":true,"isUnique":false,"isCreateable":false,"isUpdateable":true,"isFilterable":true,"isCalculated":false,"showLabel":false,"naturalOrder":14,"linkedFields":["c"],"relatedInfos":[],"references":[]},{"@type":"field","id":30775135,"name":"mail","type":"nvarchar","uniqueName":"mail","label":"mail","parentObject":"ActiveDirectory_Employee_Full","pcType":"UNISTRING","precision":4000,"scale":0,"columnIndex":15,"isKey":false,"isExternalId":false,"isSfIdLookup":false,"isNullable":true,"isUnique":false,"isCreateable":false,"isUpdateable":true,"isFilterable":true,"isCalculated":false,"showLabel":false,"naturalOrder":15,"linkedFields":["mail"],"relatedInfos":[],"references":[]},{"@type":"field","id":30775138,"name":"GivenName","type":"nvarchar","uniqueName":"GivenName","label":"GivenName","parentObject":"ActiveDirectory_Employee_Full","pcType":"UNISTRING","precision":4000,"scale":0,"columnIndex":16,"isKey":false,"isExternalId":false,"isSfIdLookup":false,"isNullable":true,"isUnique":false,"isCreateable":false,"isUpdateable":true,"isFilterable":true,"isCalculated":false,"showLabel":false,"naturalOrder":16,"linkedFields":["GivenName"],"relatedInfos":[],"references":[]},{"@type":"field","id":30775141,"name":"sn","type":"nvarchar","uniqueName":"sn","label":"sn","parentObject":"ActiveDirectory_Employee_Full","pcType":"UNISTRING","precision":4000,"scale":0,"columnIndex":17,"isKey":false,"isExternalId":false,"isSfIdLookup":false,"isNullable":true,"isUnique":false,"isCreateable":false,"isUpdateable":true,"isFilterable":true,"isCalculated":false,"showLabel":false,"naturalOrder":17,"linkedFields":["sn"],"relatedInfos":[],"references":[]},{"@type":"field","id":30775144,"name":"cn","type":"nvarchar","uniqueName":"cn","label":"cn","parentObject":"ActiveDirectory_Employee_Full","pcType":"UNISTRING","precision":4000,"scale":0,"columnIndex":18,"isKey":false,"isExternalId":false,"isSfIdLookup":false,"isNullable":true,"isUnique":false,"isCreateable":false,"isUpdateable":true,"isFilterable":true,"isCalculated":false,"showLabel":false,"naturalOrder":18,"linkedFields":["cn"],"relatedInfos":[],"references":[]},{"@type":"field","id":30775147,"name":"postalcode","type":"nvarchar","uniqueName":"postalcode","label":"postalcode","parentObject":"ActiveDirectory_Employee_Full","pcType":"UNISTRING","precision":15,"scale":0,"columnIndex":19,"isKey":false,"isExternalId":false,"isSfIdLookup":false,"isNullable":true,"isUnique":false,"isCreateable":false,"isUpdateable":true,"isFilterable":true,"isCalculated":false,"showLabel":false,"naturalOrder":19,"linkedFields":["postalcode"],"relatedInfos":[],"references":[]},{"@type":"field","id":30775150,"name":"objectGUID","type":"nvarchar","uniqueName":"objectGUID","label":"objectGUID","parentObject":"ActiveDirectory_Employee_Full","pcType":"UNISTRING","precision":4000,"scale":0,"columnIndex":20,"isKey":false,"isExternalId":false,"isSfIdLookup":false,"isNullable":true,"isUnique":false,"isCreateable":false,"isUpdateable":true,"isFilterable":true,"isCalculated":false,"showLabel":false,"naturalOrder":20,"linkedFields":["objectGUID"],"relatedInfos":[],"references":[]},{"@type":"field","id":30775153,"name":"recordInsertDate","type":"timestamp","uniqueName":"recordInsertDate","label":"recordInsertDate","parentObject":"ActiveDirectory_Employee_Full","pcType":"DATE","precision":23,"scale":3,"columnIndex":21,"isKey":false,"isExternalId":false,"isSfIdLookup":false,"isNullable":true,"isUnique":false,"isCreateable":false,"isUpdateable":true,"isFilterable":true,"isCalculated":false,"showLabel":false,"naturalOrder":21,"linkedFields":["recordInsertDate"],"relatedInfos":[],"references":[]}],"sortFields":[],"groupFields":[]}]