[{"@type":"connection","id":"@1","name":"fastrack_prod","runtimeEnvironmentId":"@6dKHc1uY0vOk9iOoP3L84v","instanceDisplayName":"SqlServer","host":"enadboly2653","database":"fastrack_prod","codepage":"MS1252","authenticationType":"Windows","adjustedJdbcHostName":"enadboly2653","schema":"dbo","type":"SqlServer2016","port":1433,"majorUpdateTime":"2020-01-08T18:43:19.000Z","timeout":60,"connParams":{"agentId":"010YZQ08000000000003","CryptoProtocolVersion":"TLSv1","agentGroupId":"010YZQ25000000000003","AUTHENTICATION_TYPE":"Windows","encryptionMethod":"None","orgId":"010YZQ","ValidateServerCertificate":"False"},"internal":false,"federatedId":"ieui93XEROZhbeCBwum6KM","retryNetworkError":false}]