[{"@type":"connection","id":"@1","name":"flatFile_Target_OFMAFRS_sft","runtimeEnvironmentId":"@6dKHc1uY0vOk9iOoP3L84v","instanceDisplayName":"CSVFile","dateFormat":"MM/dd/yyyy HH:mm:ss","database":"\\\\enaapintdv02\\IICS_Shared\\TgtFiles\\OFMAFRS_INTG105_sft","codepage":"MS1252","type":"CSVFile","port":0,"majorUpdateTime":"2020-06-04T13:43:45.000Z","timeout":60,"connParams":{"agentId":"010YZQ08000000000003","agentGroupId":"010YZQ25000000000003","orgId":"010YZQ"},"internal":false,"federatedId":"jRR7p2sBeGabZYz1sCzSOP","retryNetworkError":false}]