[{"@type":"mappingTemplate","id":"@1","name":"m_EIStagingMI","description":"","bundleVersion":"0","templateId":"@3","deployTime":1585008863000,"hasParameters":false,"valid":true,"fixedConnection":true,"hasParametersDeployed":false,"fixedConnectionDeployed":true,"tasks":0,"mappingPreviewFileRecordId":"@2","documentType":"","references":[{"@type":"reference","refObjectId":"@gWgZ5LwPngOliJyLqp6kyt","refType":"connection"},{"@type":"reference","refObjectId":"@1wFs4LGpbpJlBRZyWaBOGI","refType":"connection"}]}]