[{"@type":"mtTask","id":"@1","name":"mt_AFRS950Trans_EIStaging","description":"Mapping Task for AFRS950 transaction data load from AFRSTransactionMapping DB to EIStaging","runtimeEnvironmentId":"@6dKHc1uY0vOk9iOoP3L84v","maxLogs":10,"verbose":false,"lastRunTime":1585585620000,"mappingId":"@71rUMYqCVahjLk6wmHQmCn","shortDescription":"Mapping Task for AFRS950 transaction data load fro...","sessionProperties":{},"enableCrossSchemaPushdown":true,"parameters":[{"@type":"mtTaskParameter","id":52224460,"name":"$s_AFRS950$","type":"SOURCE","label":"s_AFRS950","uiProperties":{"connectionParameterized":"false","objectParameterized":"false","visible":"false"},"sourceConnectionId":"@0XDVH8oqa7Ue0haolkhGCg","sourceObject":"DUMMY_s_AFRS950","newFlatFile":false,"newObject":false,"showBusinessNames":false,"naturalOrder":true,"truncateTarget":false,"bulkApiDBTarget":false,"customFuncCfg":{"@type":"customFuncConfig","id":-1,"connections":[],"inputMap":[],"outputFields":[]},"tgtFieldRefs":{},"targetUpdateColumns":[],"runtimeAttrs":{},"isRESTModernSource":true,"customQuery":"Exec dbo.CreateAFRS950InputFromFPMT","isFileList":false,"handleSpecialChars":false,"frsAsset":false,"tgtObjectAttributes":{},"runtimeParameterData":{"@type":"mtTaskRuntimeParameterData","isConnectionRuntimeParameter":false,"isObjectRuntimeParameter":false},"overriddenFields":[]},{"@type":"mtTaskParameter","id":52224463,"name":"$t_EIStaging$","type":"TARGET","label":"t_EIStaging","uiProperties":{"connectionParameterized":"false","objectParameterized":"false","visible":"false","defaultTargetUpdateColumns":""},"targetConnectionId":"@gWgZ5LwPngOliJyLqp6kyt","targetObject":"FPMT_AFRS950","targetObjectLabel":"FPMT_AFRS950","newFlatFile":false,"newObject":false,"showBusinessNames":false,"naturalOrder":true,"truncateTarget":true,"bulkApiDBTarget":false,"operationType":"Insert","customFuncCfg":{"@type":"customFuncConfig","id":-1,"connections":[],"inputMap":[],"outputFields":[]},"tgtFieldRefs":{},"targetUpdateColumns":[],"extendedObject":{"@type":"extendedObject","filters":[],"sortFields":[]},"runtimeAttrs":{},"isRESTModernSource":true,"isFileList":false,"handleSpecialChars":false,"frsAsset":false,"tgtObjectAttributes":{},"runtimeParameterData":{"@type":"mtTaskRuntimeParameterData","isConnectionRuntimeParameter":false,"isObjectRuntimeParameter":false},"overriddenFields":[]}],"sequences":[],"inOutParameters":[],"connRuntimeAttrs":[]}]