[{"@type":"connection","id":"@1","name":"flatFile_Target","runtimeEnvironmentId":"@6dKHc1uY0vOk9iOoP3L84v","instanceDisplayName":"CSVFile","dateFormat":"MM/dd/yyyy HH:mm:ss","database":"\\\\enaapintdv02\\IICS_Shared\\TgtFiles\\","codepage":"MS1252","type":"CSVFile","port":0,"majorUpdateTime":"2020-01-08T17:15:53.000Z","timeout":60,"connParams":{"agentId":"010YZQ08000000000003","agentGroupId":"010YZQ25000000000003","orgId":"010YZQ"},"internal":false,"federatedId":"k7EqXrN93cUghGAqc9gBQM","retryNetworkError":false}]