[{"@type":"connection","id":"@1","name":"FPMTUI_Source","description":"FPMT UI file","runtimeEnvironmentId":"@6dKHc1uY0vOk9iOoP3L84v","instanceDisplayName":"CSVFile","dateFormat":"MM/dd/yyyy HH:mm:ss","database":"F:\\IICS_Shared\\SrcFiles\\","codepage":"UTF-8","shortDescription":"FPMT UI file","type":"CSVFile","port":0,"majorUpdateTime":"2020-06-16T19:30:55.000Z","timeout":60,"connParams":{"agentId":"010YZQ08000000000003","agentGroupId":"010YZQ25000000000003","orgId":"010YZQ"},"internal":false,"federatedId":"2z62ZYTqTKXiWFCAZ97ZAS","retryNetworkError":false}]