[{"@type":"mappingTemplate","id":"@1","name":"GD2_mapping","description":"","bundleVersion":"0","templateId":"@3","deployTime":1580427216000,"hasParameters":false,"valid":true,"fixedConnection":true,"hasParametersDeployed":false,"fixedConnectionDeployed":true,"tasks":1,"mappingPreviewFileRecordId":"@2","documentType":"","references":[{"@type":"reference","refObjectId":"@k7EqXrN93cUghGAqc9gBQM","refType":"connection"},{"@type":"reference","refObjectId":"@aGmorERMxqkeKANHBgNTih","refType":"connection"},{"@type":"reference","refObjectId":"@0D4bnOnFHcjgxp3YLdZ40w","refType":"businessService"}]}]