[{"@type":"dssTask","id":"@1","name":"Syn_CSV_EIStaging","description":"","successTaskEmail":{"@type":"taskEmail","id":270916,"emails":"Srithar.Kaliyaperumal@ofm.wa.gov","emailType":"SUCCESS"},"maxLogs":10,"sourceConnectionId":"@5qaRzlcJ8MfilY91WKTRWe","targetConnectionId":"@gWgZ5LwPngOliJyLqp6kyt","targetObject":"ZZ_Facilities","targetObjectLabel":"ZZ_Facilities","operation":"Insert","maxRows":0,"truncateTarget":true,"bulkApiDBTarget":false,"verbose":false,"srcFlatFileAttrs":{"@type":"flatFileAttrs","id":6657448,"delimiter":",","textQualifier":"\"","escapeChar":"","headerLineNo":1,"firstDataRow":2},"targetMetadataUpdated":false,"modelVersion":"V3-R600","queryAll":false,"srcSettings":{"@type":"taskDataSourceSetting","isShowLabels":false,"isNaturalOrder":true},"tgtSettings":{"@type":"taskDataSourceSetting","isShowLabels":false,"isNaturalOrder":true},"cfSettings":{"@type":"taskDataSourceSetting","isShowLabels":false,"isNaturalOrder":false},"bulkApi":false,"bulkApiSerialMode":false,"bulkApiMonitor":false,"isTargetObjectSfCustom":false,"allowNullUpdates":false,"targetBatchSize":200,"assignmentRuleId":"-1","assignmentRuleType":"None","createSuccessFile":false,"bulkApiHardDelete":false,"srcRuntimeAttrs":{"@type":"taskRuntimeAttrs","attrs":{}},"tgtRuntimeAttrs":{"@type":"taskRuntimeAttrs","attrs":{}},"parameterFileEncoding":"UTF-8","sourceObjects":[{"@type":"mObject","name":"Facilities_Extract.csv","label":"Facilities_Extract.csv","metadataUpdated":false,"relations":[],"children":[]}],"advancedFilters":[{"@type":"advancedFilter","id":"39904","objectName":"Facilities_Extract.csv","objectLabel":"Facilities_Extract.csv","expression":"_PersonnelArea='3012'"}],"filters":[],"fieldMaps":[{"@type":"fieldMap","id":"12711505","targetField":{"@type":"field","id":35209249,"name":"PersonnelArea","type":"varchar","uniqueName":"PersonnelArea","label":"PersonnelArea","parentObject":"ZZ_Facilities","pcType":"STRING","precision":5,"scale":0,"columnIndex":0,"isKey":false,"isExternalId":false,"isSfIdLookup":false,"isNullable":true,"isUnique":false,"isCreateable":false,"isUpdateable":true,"isFilterable":true,"isCalculated":false,"showLabel":false,"naturalOrder":0,"linkedFields":["_PersonnelArea"],"relatedInfos":[],"references":[]},"expression":"_PersonnelArea"},{"@type":"fieldMap","id":"12711508","targetField":{"@type":"field","id":35209252,"name":"EmployeeSubgroup","type":"varchar","uniqueName":"EmployeeSubgroup","label":"EmployeeSubgroup","parentObject":"ZZ_Facilities","pcType":"STRING","precision":3,"scale":0,"columnIndex":1,"isKey":false,"isExternalId":false,"isSfIdLookup":false,"isNullable":true,"isUnique":false,"isCreateable":false,"isUpdateable":true,"isFilterable":true,"isCalculated":false,"showLabel":false,"naturalOrder":1,"linkedFields":["EmployeeSubgroup"],"relatedInfos":[],"references":[]},"expression":"EmployeeSubgroup"},{"@type":"fieldMap","id":"12711511","targetField":{"@type":"field","id":35209255,"name":"PersonnelNumber","type":"varchar","uniqueName":"PersonnelNumber","label":"PersonnelNumber","parentObject":"ZZ_Facilities","pcType":"STRING","precision":8,"scale":0,"columnIndex":2,"isKey":false,"isExternalId":false,"isSfIdLookup":false,"isNullable":true,"isUnique":false,"isCreateable":false,"isUpdateable":true,"isFilterable":true,"isCalculated":false,"showLabel":false,"naturalOrder":2,"linkedFields":["PersonnelNumber"],"relatedInfos":[],"references":[]},"expression":"PersonnelNumber"},{"@type":"fieldMap","id":"12711514","targetField":{"@type":"field","id":35209258,"name":"EmployeeName","type":"varchar","uniqueName":"EmployeeName","label":"EmployeeName","parentObject":"ZZ_Facilities","pcType":"STRING","precision":100,"scale":0,"columnIndex":3,"isKey":false,"isExternalId":false,"isSfIdLookup":false,"isNullable":true,"isUnique":false,"isCreateable":false,"isUpdateable":true,"isFilterable":true,"isCalculated":false,"showLabel":false,"naturalOrder":3,"linkedFields":["EmployeeName"],"relatedInfos":[],"references":[]},"expression":"EmployeeName"},{"@type":"fieldMap","id":"12711517","targetField":{"@type":"field","id":35209261,"name":"ActionStartDate","type":"varchar","uniqueName":"ActionStartDate","label":"ActionStartDate","parentObject":"ZZ_Facilities","pcType":"STRING","precision":10,"scale":0,"columnIndex":4,"isKey":false,"isExternalId":false,"isSfIdLookup":false,"isNullable":true,"isUnique":false,"isCreateable":false,"isUpdateable":true,"isFilterable":true,"isCalculated":false,"showLabel":false,"naturalOrder":4,"linkedFields":["ActionStartDate"],"relatedInfos":[],"references":[]},"expression":"ActionStartDate"},{"@type":"fieldMap","id":"12711520","targetField":{"@type":"field","id":35209264,"name":"ActionType","type":"varchar","uniqueName":"ActionType","label":"ActionType","parentObject":"ZZ_Facilities","pcType":"STRING","precision":4,"scale":0,"columnIndex":5,"isKey":false,"isExternalId":false,"isSfIdLookup":false,"isNullable":true,"isUnique":false,"isCreateable":false,"isUpdateable":true,"isFilterable":true,"isCalculated":false,"showLabel":false,"naturalOrder":5,"linkedFields":["ActionType"],"relatedInfos":[],"references":[]},"expression":"ActionType"},{"@type":"fieldMap","id":"12711523","targetField":{"@type":"field","id":35209267,"name":"ActionReason","type":"varchar","uniqueName":"ActionReason","label":"ActionReason","parentObject":"ZZ_Facilities","pcType":"STRING","precision":25,"scale":0,"columnIndex":6,"isKey":false,"isExternalId":false,"isSfIdLookup":false,"isNullable":true,"isUnique":false,"isCreateable":false,"isUpdateable":true,"isFilterable":true,"isCalculated":false,"showLabel":false,"naturalOrder":6,"linkedFields":["ActionReason"],"relatedInfos":[],"references":[]},"expression":"ActionReason"},{"@type":"fieldMap","id":"12711526","targetField":{"@type":"field","id":35209270,"name":"EmploymentStatus","type":"varchar","uniqueName":"EmploymentStatus","label":"EmploymentStatus","parentObject":"ZZ_Facilities","pcType":"STRING","precision":12,"scale":0,"columnIndex":7,"isKey":false,"isExternalId":false,"isSfIdLookup":false,"isNullable":true,"isUnique":false,"isCreateable":false,"isUpdateable":true,"isFilterable":true,"isCalculated":false,"showLabel":false,"naturalOrder":7,"linkedFields":["EmploymentStatus"],"relatedInfos":[],"references":[]},"expression":"EmploymentStatus"},{"@type":"fieldMap","id":"12711529","targetField":{"@type":"field","id":35209273,"name":"PositionStartDate","type":"varchar","uniqueName":"PositionStartDate","label":"PositionStartDate","parentObject":"ZZ_Facilities","pcType":"STRING","precision":10,"scale":0,"columnIndex":8,"isKey":false,"isExternalId":false,"isSfIdLookup":false,"isNullable":true,"isUnique":false,"isCreateable":false,"isUpdateable":true,"isFilterable":true,"isCalculated":false,"showLabel":false,"naturalOrder":8,"linkedFields":["PositionStartDate"],"relatedInfos":[],"references":[]},"expression":"PositionStartDate"},{"@type":"fieldMap","id":"12711532","targetField":{"@type":"field","id":35209276,"name":"JobTitle","type":"varchar","uniqueName":"JobTitle","label":"JobTitle","parentObject":"ZZ_Facilities","pcType":"STRING","precision":100,"scale":0,"columnIndex":9,"isKey":false,"isExternalId":false,"isSfIdLookup":false,"isNullable":true,"isUnique":false,"isCreateable":false,"isUpdateable":true,"isFilterable":true,"isCalculated":false,"showLabel":false,"naturalOrder":9,"linkedFields":["JobTitle"],"relatedInfos":[],"references":[]},"expression":"JobTitle"},{"@type":"fieldMap","id":"12711535","targetField":{"@type":"field","id":35209279,"name":"AnniversaryDate","type":"varchar","uniqueName":"AnniversaryDate","label":"AnniversaryDate","parentObject":"ZZ_Facilities","pcType":"STRING","precision":10,"scale":0,"columnIndex":10,"isKey":false,"isExternalId":false,"isSfIdLookup":false,"isNullable":true,"isUnique":false,"isCreateable":false,"isUpdateable":true,"isFilterable":true,"isCalculated":false,"showLabel":false,"naturalOrder":10,"linkedFields":["AnniversaryDate"],"relatedInfos":[],"references":[]},"expression":"AnniversaryDate"},{"@type":"fieldMap","id":"12711538","targetField":{"@type":"field","id":35209282,"name":"OriginalHireDate","type":"varchar","uniqueName":"OriginalHireDate","label":"OriginalHireDate","parentObject":"ZZ_Facilities","pcType":"STRING","precision":10,"scale":0,"columnIndex":11,"isKey":false,"isExternalId":false,"isSfIdLookup":false,"isNullable":true,"isUnique":false,"isCreateable":false,"isUpdateable":true,"isFilterable":true,"isCalculated":false,"showLabel":false,"naturalOrder":11,"linkedFields":["OriginalHireDate"],"relatedInfos":[],"references":[]},"expression":"OriginalHireDate"},{"@type":"fieldMap","id":"12711541","targetField":{"@type":"field","id":35209285,"name":"SeparationDate","type":"varchar","uniqueName":"SeparationDate","label":"SeparationDate","parentObject":"ZZ_Facilities","pcType":"STRING","precision":10,"scale":0,"columnIndex":12,"isKey":false,"isExternalId":false,"isSfIdLookup":false,"isNullable":true,"isUnique":false,"isCreateable":false,"isUpdateable":true,"isFilterable":true,"isCalculated":false,"showLabel":false,"naturalOrder":12,"linkedFields":["SeparationDate"],"relatedInfos":[],"references":[]},"expression":"SeparationDate"}],"sourceFields":[{"@type":"field","id":35209288,"name":"_PersonnelArea","type":"nstring","uniqueName":"_PersonnelArea","label":"_PersonnelArea","parentObject":"Facilities_Extract.csv","pcType":"UNISTRING","precision":5,"scale":0,"columnIndex":0,"isKey":false,"isExternalId":false,"isSfIdLookup":false,"isNullable":true,"isUnique":false,"isCreateable":false,"isUpdateable":true,"isFilterable":true,"isCalculated":false,"showLabel":false,"naturalOrder":0,"linkedFields":["PersonnelArea"],"relatedInfos":[],"references":[]},{"@type":"field","id":35209291,"name":"EmployeeSubgroup","type":"nstring","uniqueName":"EmployeeSubgroup","label":"EmployeeSubgroup","parentObject":"Facilities_Extract.csv","pcType":"UNISTRING","precision":3,"scale":0,"columnIndex":1,"isKey":false,"isExternalId":false,"isSfIdLookup":false,"isNullable":true,"isUnique":false,"isCreateable":false,"isUpdateable":true,"isFilterable":true,"isCalculated":false,"showLabel":false,"naturalOrder":0,"linkedFields":["EmployeeSubgroup"],"relatedInfos":[],"references":[]},{"@type":"field","id":35209294,"name":"PersonnelNumber","type":"nstring","uniqueName":"PersonnelNumber","label":"PersonnelNumber","parentObject":"Facilities_Extract.csv","pcType":"UNISTRING","precision":8,"scale":0,"columnIndex":2,"isKey":false,"isExternalId":false,"isSfIdLookup":false,"isNullable":true,"isUnique":false,"isCreateable":false,"isUpdateable":true,"isFilterable":true,"isCalculated":false,"showLabel":false,"naturalOrder":0,"linkedFields":["PersonnelNumber"],"relatedInfos":[],"references":[]},{"@type":"field","id":35209297,"name":"ActionStartDate","type":"nstring","uniqueName":"ActionStartDate","label":"ActionStartDate","parentObject":"Facilities_Extract.csv","pcType":"UNISTRING","precision":10,"scale":0,"columnIndex":3,"isKey":false,"isExternalId":false,"isSfIdLookup":false,"isNullable":true,"isUnique":false,"isCreateable":false,"isUpdateable":true,"isFilterable":true,"isCalculated":false,"showLabel":false,"naturalOrder":0,"linkedFields":["ActionStartDate"],"relatedInfos":[],"references":[]},{"@type":"field","id":35209300,"name":"ActionType","type":"nstring","uniqueName":"ActionType","label":"ActionType","parentObject":"Facilities_Extract.csv","pcType":"UNISTRING","precision":4,"scale":0,"columnIndex":4,"isKey":false,"isExternalId":false,"isSfIdLookup":false,"isNullable":true,"isUnique":false,"isCreateable":false,"isUpdateable":true,"isFilterable":true,"isCalculated":false,"showLabel":false,"naturalOrder":0,"linkedFields":["ActionType"],"relatedInfos":[],"references":[]},{"@type":"field","id":35209303,"name":"ActionReason","type":"nstring","uniqueName":"ActionReason","label":"ActionReason","parentObject":"Facilities_Extract.csv","pcType":"UNISTRING","precision":25,"scale":0,"columnIndex":5,"isKey":false,"isExternalId":false,"isSfIdLookup":false,"isNullable":true,"isUnique":false,"isCreateable":false,"isUpdateable":true,"isFilterable":true,"isCalculated":false,"showLabel":false,"naturalOrder":0,"linkedFields":["ActionReason"],"relatedInfos":[],"references":[]},{"@type":"field","id":35209306,"name":"EmploymentStatus","type":"nstring","uniqueName":"EmploymentStatus","label":"EmploymentStatus","parentObject":"Facilities_Extract.csv","pcType":"UNISTRING","precision":12,"scale":0,"columnIndex":6,"isKey":false,"isExternalId":false,"isSfIdLookup":false,"isNullable":true,"isUnique":false,"isCreateable":false,"isUpdateable":true,"isFilterable":true,"isCalculated":false,"showLabel":false,"naturalOrder":0,"linkedFields":["EmploymentStatus"],"relatedInfos":[],"references":[]},{"@type":"field","id":35209309,"name":"PositionStartDate","type":"nstring","uniqueName":"PositionStartDate","label":"PositionStartDate","parentObject":"Facilities_Extract.csv","pcType":"UNISTRING","precision":10,"scale":0,"columnIndex":7,"isKey":false,"isExternalId":false,"isSfIdLookup":false,"isNullable":true,"isUnique":false,"isCreateable":false,"isUpdateable":true,"isFilterable":true,"isCalculated":false,"showLabel":false,"naturalOrder":0,"linkedFields":["PositionStartDate"],"relatedInfos":[],"references":[]},{"@type":"field","id":35209312,"name":"JobTitle","type":"nstring","uniqueName":"JobTitle","label":"JobTitle","parentObject":"Facilities_Extract.csv","pcType":"UNISTRING","precision":100,"scale":0,"columnIndex":8,"isKey":false,"isExternalId":false,"isSfIdLookup":false,"isNullable":true,"isUnique":false,"isCreateable":false,"isUpdateable":true,"isFilterable":true,"isCalculated":false,"showLabel":false,"naturalOrder":0,"linkedFields":["JobTitle"],"relatedInfos":[],"references":[]},{"@type":"field","id":35209315,"name":"AnniversaryDate","type":"nstring","uniqueName":"AnniversaryDate","label":"AnniversaryDate","parentObject":"Facilities_Extract.csv","pcType":"UNISTRING","precision":10,"scale":0,"columnIndex":9,"isKey":false,"isExternalId":false,"isSfIdLookup":false,"isNullable":true,"isUnique":false,"isCreateable":false,"isUpdateable":true,"isFilterable":true,"isCalculated":false,"showLabel":false,"naturalOrder":0,"linkedFields":["AnniversaryDate"],"relatedInfos":[],"references":[]},{"@type":"field","id":35209318,"name":"OriginalHireDate","type":"nstring","uniqueName":"OriginalHireDate","label":"OriginalHireDate","parentObject":"Facilities_Extract.csv","pcType":"UNISTRING","precision":10,"scale":0,"columnIndex":10,"isKey":false,"isExternalId":false,"isSfIdLookup":false,"isNullable":true,"isUnique":false,"isCreateable":false,"isUpdateable":true,"isFilterable":true,"isCalculated":false,"showLabel":false,"naturalOrder":0,"linkedFields":["OriginalHireDate"],"relatedInfos":[],"references":[]},{"@type":"field","id":35209321,"name":"SeparationDate","type":"nstring","uniqueName":"SeparationDate","label":"SeparationDate","parentObject":"Facilities_Extract.csv","pcType":"UNISTRING","precision":10,"scale":0,"columnIndex":11,"isKey":false,"isExternalId":false,"isSfIdLookup":false,"isNullable":true,"isUnique":false,"isCreateable":false,"isUpdateable":true,"isFilterable":true,"isCalculated":false,"showLabel":false,"naturalOrder":0,"linkedFields":["SeparationDate"],"relatedInfos":[],"references":[]},{"@type":"field","id":35209324,"name":"EmployeeName","type":"nstring","uniqueName":"EmployeeName","label":"EmployeeName","parentObject":"Facilities_Extract.csv","pcType":"UNISTRING","precision":100,"scale":0,"columnIndex":12,"isKey":false,"isExternalId":false,"isSfIdLookup":false,"isNullable":true,"isUnique":false,"isCreateable":false,"isUpdateable":true,"isFilterable":true,"isCalculated":false,"showLabel":false,"naturalOrder":0,"linkedFields":["EmployeeName"],"relatedInfos":[],"references":[]}],"sortFields":[],"groupFields":[]}]